millis,ax_g,ay_g,az_g,gx_dps,gy_dps,gz_dps
0,-0.0044,0.1555,1.0547,12.0451,0.0264,3.9745
10,0.1105,0.1603,1.0823,23.5903,11.8699,3.9701
20,0.1410,0.1530,1.1362,35.5276,21.4404,5.6973
30,0.2142,0.1142,1.2082,35.9006,33.5461,7.0112
40,0.2392,0.1465,1.2374,47.0386,45.3361,9.4075
50,0.2907,0.0988,1.2137,52.0593,53.1075,11.3138
60,0.2900,0.0761,1.2189,57.6746,60.4765,12.9658
70,0.3377,0.0667,1.2069,62.5285,65.1317,10.4548
80,0.3939,0.0573,1.1331,66.3699,77.3086,12.9674
90,0.3240,0.0531,1.1171,71.7873,82.6297,11.1535
100,0.3733,0.0272,1.0990,72.7241,84.7526,19.3716
110,0.3772,-0.0107,1.0476,70.1394,87.2614,21.2576
120,0.3386,-0.0166,0.9386,74.6775,90.9582,22.8121
130,0.3286,-0.0569,0.9214,67.4291,88.3558,21.5030
140,0.3166,-0.0656,0.8198,68.6365,90.1938,24.5132
150,0.2507,-0.1373,0.7665,63.6628,83.8913,23.1053
160,0.2480,-0.1618,0.7084,61.4243,80.6655,23.6733
170,0.1947,-0.1363,0.7531,54.3052,77.4634,21.5436
180,0.1748,-0.1974,0.7214,50.2675,69.3758,23.6092
190,0.1513,-0.1929,0.7826,41.7650,65.6090,24.4932
200,0.1385,-0.2036,0.7604,37.2358,59.6388,27.9144
210,0.1199,-0.2263,0.7910,27.9838,47.3235,29.7642
220,0.1052,-0.2370,0.7919,23.9017,42.7730,25.7624
230,0.0448,-0.2103,0.9136,9.1781,29.3852,27.6252
240,0.0938,-0.2959,0.9376,3.8345,20.4816,27.5021
250,0.0579,-0.2314,1.0034,-6.5233,8.8537,25.3679
260,0.0339,-0.2041,1.0115,-14.2438,-1.4368,23.3680
270,-0.0064,-0.2479,1.1287,-24.0788,-12.3565,25.0876
280,-0.0204,-0.2441,1.1785,-30.3847,-25.6375,23.3938
290,-0.0281,-0.2213,1.1844,-42.1661,-34.5808,25.1983
300,-0.0503,-0.1900,1.2200,-48.3559,-43.7288,25.0820
310,-0.1158,-0.2377,1.2364,-50.5635,-48.4676,24.4061
320,-0.0894,-0.1979,1.2441,-60.4889,-57.8263,23.7738
330,-0.0698,-0.1867,1.2097,-59.1869,-69.7967,24.3253
340,-0.1975,-0.1503,1.2064,-66.9574,-73.2282,20.5278
350,-0.1657,-0.1381,1.1248,-68.6714,-79.6851,23.2419
360,-0.2063,-0.1051,1.0634,-70.9096,-85.3208,17.0643
370,-0.2443,-0.1009,1.0014,-71.0040,-87.0960,19.2974
380,-0.2365,-0.0678,0.9002,-72.0063,-88.1315,18.7792
390,-0.3087,-0.0573,0.8745,-70.6830,-91.0411,15.1369
400,-0.2962,-0.0320,0.8549,-67.5581,-89.4195,12.1589
410,-0.2783,0.0031,0.7936,-61.4987,-86.1098,15.1880
420,-0.3142,0.0245,0.7404,-57.1329,-84.8632,11.2355
430,-0.3134,0.0265,0.7421,-51.2734,-77.6202,12.6089
440,-0.2869,0.1044,0.6889,-45.9531,-71.1198,10.8428
450,-0.2789,0.0869,0.7326,-40.7868,-65.7238,7.8877
460,-0.2058,0.0799,0.7754,-35.4152,-57.0358,6.1475
470,-0.2180,0.1439,0.8181,-22.3637,-45.4709,6.4436
480,-0.1394,0.1178,0.8359,-13.7152,-34.8743,3.6296
490,-0.1251,0.1528,0.9368,-5.8335,-23.5678,-0.9456
500,-0.0283,0.1477,1.0220,6.1765,-14.0549,-0.5471
510,0.0066,0.1549,1.0322,15.2634,-0.8581,-1.3085
520,0.0124,0.1524,1.1142,21.7132,9.4189,-3.7036
530,0.1228,0.1331,1.1210,32.4642,21.8655,-5.4741
540,0.1519,0.1382,1.1518,38.8047,33.5887,-7.7659
550,0.2140,0.1672,1.2305,42.4622,40.5846,-9.4105
560,0.2951,0.0687,1.2296,51.5581,51.5894,-12.6086
570,0.2755,0.0981,1.2268,57.7480,59.9851,-15.2124
580,0.3041,0.0851,1.1864,64.9307,68.0922,-11.7672
590,0.3708,0.0361,1.1577,65.6723,79.7378,-16.6287
600,0.3517,0.0074,1.1312,69.2505,83.2657,-16.3050
610,0.3812,0.0555,1.0951,69.7389,82.2119,-20.9917
620,0.3491,-0.0197,0.9945,72.0724,89.1766,-18.9286
630,0.3123,0.0068,0.9091,71.7399,88.6949,-21.9417
640,0.3118,-0.0481,0.9099,71.9719,92.0564,-15.4160
650,0.3164,-0.0818,0.8427,68.9377,88.8908,-24.3431
660,0.2831,-0.1000,0.7961,63.5910,85.5896,-25.2149
670,0.2338,-0.1224,0.7516,58.4144,81.7146,-22.3023
680,0.2095,-0.1312,0.7789,52.9650,77.3567,-22.5585
690,0.1799,-0.1654,0.7311,46.8337,70.6239,-29.6061
700,0.1418,-0.1908,0.7530,42.0496,62.1832,-25.4624
710,0.1717,-0.2041,0.7280,27.3660,55.1615,-24.5855
720,0.1087,-0.1943,0.7907,23.9756,47.4087,-29.0964
730,0.0628,-0.2165,0.8377,16.3299,34.3953,-25.5357
740,0.0532,-0.2623,0.9144,8.1288,24.8187,-28.0839
750,0.0571,-0.2606,0.9875,-5.8558,12.9465,-29.0326
760,0.0369,-0.2433,1.0261,-11.7227,1.2945,-27.6502
770,0.0025,-0.2615,1.1324,-19.2252,-7.3842,-27.6767
780,-0.0274,-0.2527,1.1265,-30.1368,-22.1102,-29.2261
790,-0.0360,-0.2562,1.1834,-42.0021,-32.5187,-21.5499
800,-0.0920,-0.2324,1.2222,-46.0014,-43.3873,-26.4034
810,-0.1073,-0.2060,1.2035,-54.1741,-50.2119,-26.3809
820,-0.0901,-0.1785,1.2355,-56.4634,-61.2112,-22.4634
830,-0.1429,-0.1804,1.2170,-64.3284,-68.0686,-23.5027
840,-0.1527,-0.1194,1.1651,-62.9349,-74.1713,-19.8198
850,-0.1611,-0.1427,1.1678,-68.8886,-83.0883,-22.1040
860,-0.2006,-0.0543,1.0770,-72.6710,-83.7666,-19.8088
870,-0.2391,-0.0749,1.0228,-72.8294,-89.0980,-19.2167
880,-0.2217,-0.0579,0.9295,-73.5893,-90.1186,-17.7329
890,-0.2724,-0.0514,0.8514,-68.9531,-90.1288,-17.1097
900,-0.3078,-0.0730,0.8177,-64.0346,-87.2187,-15.5379
910,-0.2939,0.0061,0.7765,-63.4396,-84.5847,-10.4949
920,-0.3013,0.0357,0.7421,-56.4723,-78.7725,-13.7320
930,-0.3194,0.0945,0.7473,-53.9624,-75.9656,-11.8024
940,-0.2844,0.0489,0.6824,-44.8416,-70.6044,-9.8218
950,-0.2637,0.1338,0.7225,-33.1516,-62.5877,-6.3161
960,-0.2720,0.1052,0.7343,-33.4429,-52.6584,-5.1774
970,-0.1948,0.1388,0.8400,-19.5295,-41.1536,-2.4051
980,-0.1579,0.0831,0.8461,-12.0780,-34.7348,-5.4666
990,-0.1194,0.1439,0.8955,-10.6930,-27.5531,-0.8736
1000,-0.0922,0.1400,0.9439,-0.9849,-15.2439,-0.0835
1010,-0.0140,0.1633,1.0421,8.2981,-4.8573,1.2713
1020,0.0497,0.1514,1.0763,21.1570,6.1754,3.8744
1030,0.1178,0.1225,1.1506,28.3987,17.9107,1.6116
1040,0.1412,0.1579,1.1440,36.4316,24.7163,7.6005
1050,0.2233,0.1437,1.2360,45.3067,38.3771,8.8869
1060,0.2284,0.1292,1.2354,51.0559,51.3332,7.3805
1070,0.2854,0.1217,1.2372,57.5016,59.1429,11.6333
1080,0.3439,0.1062,1.2341,61.4240,62.5969,16.3738
1090,0.3218,0.0645,1.1747,68.3735,73.6689,13.9544
1100,0.3371,0.0151,1.1287,67.8046,76.4036,17.3655
1110,0.3722,-0.0094,1.0901,74.7097,88.3044,17.1174
1120,0.3377,0.0232,1.0290,71.4366,87.9190,17.1049
1130,0.3283,-0.0142,0.9533,70.2544,87.2246,18.0632
1140,0.3219,-0.0515,0.8976,71.7462,91.4762,20.2070
1150,0.3192,-0.0852,0.8349,69.1033,87.7465,24.5103
1160,0.2271,-0.1010,0.8102,60.6729,87.9997,24.5096
1170,0.2303,-0.1233,0.7801,60.8923,83.6826,22.2849
1180,0.1964,-0.1550,0.7365,51.8873,76.1885,26.4789
1190,0.1662,-0.1836,0.7667,46.4892,73.3713,24.9120
1200,0.1434,-0.1456,0.7069,42.5634,62.2569,24.3546
1210,0.1188,-0.2005,0.7554,31.8882,59.3315,27.0108
1220,0.1178,-0.2317,0.8309,26.1490,47.8363,24.7024
1230,0.0741,-0.2558,0.8281,17.4259,37.4860,23.6163
1240,0.0752,-0.2531,0.8548,13.9796,26.5320,29.4415
1250,0.0601,-0.2312,0.9773,0.6438,21.7428,23.3238
1260,0.0209,-0.2337,1.0123,-9.0199,12.1612,27.9857
1270,0.0183,-0.2543,1.0427,-18.4040,-4.9511,23.7473
1280,0.0329,-0.2471,1.1304,-25.4842,-9.2283,26.5028
1290,-0.0149,-0.2488,1.1448,-32.2339,-23.7252,25.8086
1300,-0.0540,-0.2573,1.1721,-39.7772,-34.4280,24.9169
1310,-0.0659,-0.1974,1.2195,-45.4524,-44.9617,20.8814
1320,-0.1077,-0.2020,1.2193,-53.5234,-54.8248,24.3378
1330,-0.1059,-0.1457,1.1995,-58.5158,-59.2188,23.8307
1340,-0.1235,-0.1900,1.1884,-63.2655,-70.0199,21.2116
1350,-0.1892,-0.1546,1.1327,-68.1376,-80.8991,21.8125
1360,-0.2047,-0.1119,1.1041,-69.7093,-78.6579,22.8906
1370,-0.2044,-0.1114,1.0459,-70.0311,-84.6886,18.4228
1380,-0.2623,-0.1101,1.0001,-70.2483,-90.8512,19.1825
1390,-0.2689,-0.0782,0.9185,-72.1092,-90.5690,15.2424
1400,-0.3132,-0.0300,0.8368,-72.3912,-91.3227,16.8315
1410,-0.3208,-0.0013,0.7876,-67.5026,-87.9259,16.0105
1420,-0.3204,0.0140,0.7677,-61.2203,-84.2405,18.2078
1430,-0.2652,0.0577,0.7762,-62.0167,-80.4615,13.6915
1440,-0.3086,0.0783,0.7480,-52.3709,-76.7517,11.2924
1450,-0.2963,0.0831,0.7175,-44.5318,-71.1526,11.8004
1460,-0.2698,0.0973,0.7655,-38.4416,-59.5587,5.2755
1470,-0.2294,0.1074,0.7531,-31.6491,-52.6816,7.7304
1480,-0.1695,0.1377,0.8432,-16.7775,-37.9476,2.7399
1490,-0.1320,0.1555,0.8687,-8.6922,-33.3488,0.9063
1500,-0.0460,0.1453,0.9483,-3.4812,-20.1742,2.6919
1510,-0.0297,0.1575,1.0063,8.4854,-10.7279,-0.6604
1520,0.0487,0.1435,1.0472,16.9917,-1.4595,-0.1219
1530,0.0816,0.1202,1.1164,20.8719,13.7920,-7.2797
1540,0.1411,0.1239,1.1360,36.6172,22.2538,-5.4973
1550,0.1501,0.1518,1.1931,37.0911,30.8655,-8.6738
1560,0.2180,0.1362,1.2391,44.9633,41.1042,-9.6062
1570,0.2577,0.1469,1.3106,49.5433,52.6699,-14.3130
1580,0.2925,0.0986,1.2376,58.4816,58.5010,-10.4439
1590,0.2785,0.0977,1.2059,60.3130,70.8109,-13.2855
1600,0.3557,0.0886,1.1531,66.5511,75.8046,-16.9598
1610,0.3405,0.0598,1.1481,71.7435,79.8779,-19.0871
1620,0.3410,0.0020,1.0322,71.9650,87.7833,-19.6041
1630,0.3393,-0.0110,0.9955,71.5743,91.1907,-16.2337
1640,0.3279,-0.0291,0.9572,74.7799,90.7411,-20.3357
1650,0.3239,-0.0752,0.8679,68.4592,90.2845,-21.8342
1660,0.2717,-0.0676,0.8748,70.0259,92.6253,-21.0810
1670,0.2522,-0.0826,0.8153,63.7382,89.5657,-23.0183
1680,0.2496,-0.1364,0.7462,60.1997,81.3656,-23.4247
1690,0.2185,-0.1100,0.7245,54.2739,77.6935,-23.1691
1700,0.1815,-0.1750,0.7026,48.4898,71.8577,-24.5942
1710,0.1492,-0.1931,0.7098,40.7657,63.9137,-24.0919
1720,0.1189,-0.2101,0.7695,31.8921,53.9047,-28.6003
1730,0.1102,-0.2339,0.8097,24.1541,49.2981,-26.4781
1740,0.1141,-0.2224,0.8479,18.2959,38.7220,-27.5294
1750,0.0500,-0.2389,0.8967,9.1690,29.2920,-26.7633
1760,0.0794,-0.2132,0.9477,-2.9256,19.6628,-27.1067
1770,0.0474,-0.2374,1.0263,-10.6679,5.2110,-28.2189
1780,0.0021,-0.2389,1.0510,-19.7210,-5.4010,-27.4861
1790,0.0077,-0.2510,1.1342,-27.0026,-15.9699,-24.6670
1800,-0.0565,-0.2690,1.2062,-34.4133,-27.8746,-27.2515
1810,-0.0822,-0.2339,1.2340,-41.9146,-37.4008,-28.1553
1820,-0.0973,-0.2367,1.2168,-50.7160,-46.2162,-23.9383
1830,-0.1036,-0.1864,1.2214,-55.3997,-56.6518,-22.5359
1840,-0.1278,-0.1893,1.2425,-63.4226,-62.3643,-24.2128
1850,-0.1591,-0.1361,1.2226,-70.8210,-73.5903,-22.5666
1860,-0.1776,-0.1317,1.1111,-68.7538,-78.4871,-23.4137
1870,-0.2518,-0.1057,1.0771,-74.1855,-86.5799,-21.0596
1880,-0.2267,-0.0931,1.0289,-73.7544,-87.6264,-17.3199
1890,-0.2883,-0.0699,0.9889,-74.1079,-90.6636,-16.7609
1900,-0.2919,-0.0387,0.8926,-69.3563,-87.4388,-16.9052
1910,-0.3046,-0.0064,0.8608,-70.5475,-87.8852,-16.2886
1920,-0.3304,-0.0125,0.7897,-63.8418,-85.9814,-17.4242
1930,-0.3377,0.0351,0.8073,-60.9019,-79.9156,-12.1574
1940,-0.3254,0.1013,0.7447,-56.6808,-75.5270,-10.2908
1950,-0.2913,0.0693,0.7265,-50.5810,-70.2736,-7.4572
1960,-0.2555,0.0862,0.7334,-38.8574,-64.9997,-3.8607
1970,-0.2230,0.0952,0.7895,-30.5845,-57.2937,-5.3122
1980,-0.2171,0.0935,0.8204,-21.7543,-45.5851,-2.5707
1990,-0.1625,0.1588,0.8421,-9.8521,-34.8515,-4.7483
2000,-0.1197,0.1436,0.9209,-4.8990,-25.7768,1.3256
2010,-0.0345,0.1540,0.9562,4.7782,-13.2934,2.4778
2020,-0.0259,0.1869,1.0323,13.2924,-4.1487,5.2079
2030,0.0998,0.1987,1.0829,23.1037,13.8389,5.6602
2040,0.1278,0.1251,1.1377,31.7810,21.6284,7.1370
2050,0.1779,0.1547,1.1899,39.3734,34.4325,10.9742
2060,0.2412,0.1358,1.2030,51.6150,45.9540,8.2387
2070,0.2890,0.1195,1.2397,49.4867,50.0175,12.1587
2080,0.3095,0.1039,1.2368,59.7183,64.0432,14.6459
2090,0.3460,0.0770,1.1949,64.4272,71.1452,12.3520
2100,0.3439,0.0889,1.1411,67.5885,75.4206,13.0612
2110,0.3741,0.0459,1.1285,68.1950,79.7368,17.6185
2120,0.3745,0.0202,1.0227,71.1124,84.4872,18.1449
2130,0.3425,0.0181,0.9738,71.0935,84.3946,20.1249
2140,0.3609,-0.0143,0.9633,69.4321,92.2630,21.3909
2150,0.3175,-0.0482,0.9009,69.9142,90.0402,19.7307
2160,0.2942,-0.0753,0.8533,66.5802,87.4557,22.8768
2170,0.2487,-0.0713,0.7832,62.5627,84.6208,25.3433
2180,0.2360,-0.1183,0.7302,60.6643,83.8567,23.2252
2190,0.2326,-0.1501,0.7262,52.3089,81.2095,24.0206
2200,0.1630,-0.1862,0.7405,49.0561,69.8909,23.0251
2210,0.1768,-0.1937,0.7207,40.4379,64.5244,27.3382
2220,0.1479,-0.2229,0.7405,35.8606,55.1807,29.9620
2230,0.1206,-0.2154,0.7626,26.6433,50.3665,23.8713
2240,0.0479,-0.2247,0.8138,18.4277,39.5936,28.2939
2250,0.0679,-0.2807,0.9117,6.8153,32.7634,28.7328
2260,0.0644,-0.2453,0.9601,-1.0911,18.2095,25.9306
2270,0.0179,-0.2362,0.9871,-9.8114,7.0213,26.2547
2280,0.0175,-0.2465,1.0447,-15.9579,-3.8964,24.8103
2290,-0.0495,-0.2669,1.1070,-22.8754,-11.4077,25.0967
2300,-0.0085,-0.2172,1.1772,-30.6382,-27.3304,26.5984
2310,-0.0547,-0.2488,1.1763,-41.1041,-32.8505,27.1300
2320,-0.0469,-0.2481,1.2191,-47.3074,-44.2418,25.5255
2330,-0.1259,-0.2309,1.1859,-57.2818,-55.3467,26.3002
2340,-0.1053,-0.1903,1.1913,-64.8245,-65.9465,24.1566
2350,-0.1482,-0.1536,1.2017,-66.1226,-68.8692,20.7228
2360,-0.1573,-0.1277,1.1693,-69.4662,-74.1423,24.8269
2370,-0.2199,-0.1245,1.0779,-73.6099,-83.5670,23.2856
2380,-0.2410,-0.1290,1.0275,-75.3404,-85.5076,18.4825
2390,-0.2062,-0.0966,1.0042,-70.9170,-85.4282,22.2750
2400,-0.2892,-0.0773,0.9202,-72.7842,-91.0749,18.5281
2410,-0.3058,-0.0364,0.8546,-72.4529,-90.1452,16.4703
2420,-0.3096,-0.0436,0.8244,-61.4005,-90.3208,18.5717
2430,-0.3304,0.0184,0.7762,-61.5385,-85.2102,8.5074
2440,-0.2847,0.0517,0.7667,-57.5407,-80.7989,8.7833
2450,-0.2633,0.0595,0.7458,-48.9835,-75.2147,11.6096
2460,-0.2935,0.0915,0.7213,-45.0129,-68.9061,8.1586
2470,-0.2925,0.0783,0.7447,-34.1589,-63.9861,5.4557
2480,-0.2035,0.0830,0.7744,-32.8397,-55.2641,8.6859
2490,-0.1715,0.1109,0.7834,-25.2752,-46.5540,5.2915
2500,-0.1442,0.1552,0.8282,-16.4885,-36.0227,0.6085
2510,-0.0904,0.1613,0.9218,-9.2013,-28.0992,0.1913
2520,-0.0719,0.1381,0.9386,5.1291,-16.5989,1.2520
2530,-0.0019,0.1739,1.0531,8.1516,-2.4517,1.3853
2540,0.0250,0.1430,1.0926,17.8974,7.6184,-7.5295
2550,0.0757,0.1767,1.1332,27.7397,15.4836,-4.6833
2560,0.1812,0.1491,1.1936,37.2252,27.6376,-7.7144
2570,0.1970,0.1208,1.2223,45.7091,40.6699,-12.0193
2580,0.2986,0.1333,1.2519,51.2388,49.9743,-10.5308
2590,0.2898,0.0869,1.2187,60.9424,56.7047,-14.8730
2600,0.3034,0.0662,1.2057,60.7463,66.9090,-14.2996
2610,0.3527,0.0350,1.1720,66.4251,73.8946,-11.6362
2620,0.3838,0.0467,1.1683,70.9365,82.1446,-15.2349
2630,0.3598,0.0170,1.0943,70.5266,82.9710,-16.0543
2640,0.3212,-0.0055,1.0015,71.3147,89.2649,-17.5562
2650,0.3410,-0.0379,0.9482,70.6597,90.3601,-19.2603
2660,0.3449,-0.0247,0.8829,68.9548,88.0657,-19.0950
2670,0.2839,-0.0891,0.8366,65.2168,90.9429,-24.3692
2680,0.2557,-0.1172,0.7983,63.1163,88.5444,-23.6322
2690,0.2648,-0.1013,0.8044,56.6189,80.6868,-22.1003
2700,0.2192,-0.1204,0.6995,54.9645,82.0230,-25.9338
2710,0.1691,-0.1609,0.7498,45.3828,70.5775,-25.9559
2720,0.1524,-0.2243,0.7472,44.6141,62.7268,-23.3800
2730,0.1159,-0.2202,0.7525,35.1715,54.4522,-23.2352
2740,0.1135,-0.2096,0.8013,25.9560,47.5395,-27.7317
2750,0.0859,-0.2335,0.8476,14.0842,36.4912,-28.3833
2760,0.0852,-0.2114,0.9186,4.1101,24.2195,-25.7728
2770,0.0607,-0.2743,0.9869,0.5577,18.2805,-26.3991
2780,-0.0042,-0.2362,1.0000,-10.7077,4.9887,-28.1631
2790,0.0164,-0.2619,1.1157,-18.7439,-4.3642,-25.5030
2800,0.0068,-0.2194,1.1346,-29.8708,-12.9073,-25.2952
2810,-0.0204,-0.2414,1.2111,-33.7132,-27.9058,-25.8620
2820,-0.0298,-0.2101,1.2191,-44.8286,-43.4688,-19.8083
2830,-0.0841,-0.2317,1.2516,-49.8148,-49.1628,-22.3134
2840,-0.1192,-0.2306,1.2383,-60.1168,-60.3135,-22.6221
2850,-0.1087,-0.2067,1.2318,-63.2341,-66.4187,-21.4032
2860,-0.1763,-0.1771,1.1800,-65.0646,-73.4677,-16.7366
2870,-0.2298,-0.1613,1.1124,-70.3594,-82.5423,-19.2770
2880,-0.1927,-0.0948,1.0906,-72.1647,-86.7206,-21.8037
2890,-0.2534,-0.0687,1.0330,-70.4934,-88.1494,-18.6642
2900,-0.2658,-0.0689,1.0073,-72.0231,-89.7098,-18.1087
2910,-0.3108,-0.0668,0.8560,-67.8963,-94.9857,-17.9145
2920,-0.3258,-0.0215,0.8322,-72.4291,-87.0537,-14.8349
2930,-0.3317,-0.0066,0.8080,-62.5077,-86.1920,-13.3236
2940,-0.3169,0.0610,0.7266,-57.6063,-82.1244,-12.3618
2950,-0.2953,0.0606,0.7285,-55.9199,-76.2150,-11.6566
2960,-0.3331,0.0850,0.7726,-48.7527,-72.1474,-7.4843
2970,-0.2490,0.0854,0.7711,-37.2718,-62.8205,-10.6411
2980,-0.2568,0.0693,0.7520,-33.3809,-52.2839,-4.2978
2990,-0.2155,0.1080,0.8389,-24.1050,-42.7403,-4.2167
3000,-0.1296,0.1134,0.8919,-11.8350,-32.5312,-1.8132
3010,-0.0914,0.1512,0.9456,-4.3096,-22.7402,-5.2242
3020,-0.0663,0.1504,0.9999,6.3005,-12.7337,4.3911
3030,0.0550,0.1340,1.0560,12.1672,2.1638,-0.6613
3040,0.0543,0.1409,1.0883,22.7946,11.3420,2.6289
3050,0.1379,0.1748,1.1507,33.8023,22.0315,7.4544
3060,0.1898,0.1160,1.2139,40.4467,29.7993,6.7159
3070,0.2599,0.1058,1.2248,42.6615,42.5462,8.7203
3080,0.2608,0.1063,1.2664,54.6121,49.7161,6.6766
3090,0.3196,0.0823,1.2161,58.5989,63.8010,11.5859
3100,0.3093,0.0695,1.1530,61.4390,69.4755,14.3300
3110,0.3640,0.0670,1.1558,70.0312,74.7651,16.7692
3120,0.3340,0.0697,1.1216,66.3725,80.9233,16.2027
3130,0.3422,-0.0235,1.0684,75.1448,90.6030,18.4704
3140,0.3805,-0.0121,1.0019,70.6311,90.7079,20.1091
3150,0.3355,-0.0361,0.9209,74.3780,87.1895,19.0991
3160,0.3153,-0.0605,0.9147,69.6679,89.6570,19.8932
3170,0.3360,-0.0871,0.8178,64.4350,86.3403,26.1838
3180,0.2747,-0.1130,0.8027,63.7903,83.0153,21.5375
3190,0.2219,-0.1113,0.7467,59.1877,82.5486,26.5015
3200,0.2265,-0.1616,0.7103,54.2808,82.0433,24.9150
3210,0.1588,-0.1765,0.7583,48.5124,73.6753,28.3244
3220,0.1746,-0.1948,0.6942,36.4323,62.1754,24.7813
3230,0.1512,-0.2084,0.7551,31.4625,52.9256,27.4548
3240,0.0928,-0.2271,0.8199,23.9506,45.0478,27.3943
3250,0.0690,-0.2149,0.8562,13.0603,36.3739,26.5208
3260,0.0643,-0.2431,0.9371,2.7711,20.7912,27.6828
3270,0.0430,-0.2443,0.9774,-5.5961,9.8048,25.5762
3280,0.0034,-0.2510,1.0347,-11.5105,5.4827,26.8229
3290,0.0124,-0.2685,1.1538,-21.5678,-10.7498,25.9499
3300,-0.0589,-0.2604,1.1541,-33.0103,-19.0233,27.9035
3310,-0.0470,-0.2573,1.1926,-41.7862,-32.2966,25.8128
3320,-0.0666,-0.2228,1.1970,-43.3514,-39.2803,22.7804
3330,-0.0882,-0.2274,1.2144,-55.6814,-53.2503,24.1417
3340,-0.0993,-0.2203,1.2381,-57.5030,-59.0303,24.0317
3350,-0.1544,-0.1781,1.2193,-63.9690,-64.2318,21.7215
3360,-0.1486,-0.1504,1.1716,-70.2568,-72.8809,25.1115
3370,-0.1902,-0.1760,1.1154,-69.2304,-81.0953,22.3813
3380,-0.2298,-0.0819,1.0836,-71.8364,-83.2406,22.0763
3390,-0.2734,-0.0879,0.9674,-69.2437,-89.6240,17.6259
3400,-0.2932,-0.0652,0.9308,-66.9389,-92.6180,17.0759
3410,-0.2820,-0.0156,0.8701,-69.9616,-88.7742,18.4630
3420,-0.3233,-0.0068,0.7975,-64.0807,-85.2469,12.0793
3430,-0.3086,0.0036,0.7766,-59.9905,-83.3359,14.1838
3440,-0.2875,0.0816,0.7325,-58.2885,-83.3607,12.2115
3450,-0.2804,0.0358,0.7159,-53.7110,-74.2323,9.6796
3460,-0.2534,0.0757,0.7673,-42.0892,-67.9322,9.2515
3470,-0.2624,0.1149,0.7637,-37.7296,-61.4586,5.1552
3480,-0.2418,0.0934,0.8070,-28.3790,-55.9347,5.9305
3490,-0.1618,0.1248,0.8249,-21.0343,-40.0647,1.5573
3500,-0.1326,0.1442,0.8928,-12.5108,-30.7349,-0.1307
3510,-0.0672,0.1919,0.9463,-4.8201,-21.1696,3.4921
3520,-0.0336,0.1307,1.0189,7.1231,-14.2140,-2.3641
3530,0.0455,0.1490,1.1027,16.9379,-2.6376,-6.8008
3540,0.0957,0.1615,1.1086,22.5644,13.7884,-2.4493
3550,0.1487,0.1449,1.1677,29.1003,24.7222,-7.5800
3560,0.1940,0.1115,1.1975,39.6029,34.5803,-14.5790
3570,0.2376,0.1329,1.1514,43.7425,43.2784,-9.3802
3580,0.2744,0.1131,1.2019,52.0170,54.2104,-9.0433
3590,0.3062,0.1038,1.2224,61.3363,60.9548,-11.6913
3600,0.3465,0.0983,1.2105,68.3819,69.3794,-10.5414
3610,0.3336,0.0723,1.1425,68.6266,75.6883,-15.7933
3620,0.3848,0.0367,1.1240,68.2787,83.2765,-15.7842
3630,0.3459,0.0110,1.0686,73.2243,85.7259,-20.2259
3640,0.3603,-0.0384,0.9809,67.3814,90.6140,-18.9758
3650,0.3238,-0.0449,0.9534,69.5760,91.3622,-17.4636
3660,0.3044,-0.0590,0.9098,72.3678,88.1829,-20.3811
3670,0.3296,-0.0936,0.8364,68.2717,92.2208,-21.9318
3680,0.2553,-0.1096,0.7605,59.8786,83.3997,-27.1027
3690,0.2068,-0.1527,0.7771,54.0889,82.1093,-24.8105
3700,0.1902,-0.1272,0.7288,53.2938,77.9409,-27.3040
3710,0.1740,-0.1324,0.7233,45.7636,72.6294,-23.7772
3720,0.1971,-0.2013,0.7457,37.5946,58.2951,-27.2690
3730,0.1338,-0.2010,0.7584,32.1358,56.5816,-25.5107
3740,0.1230,-0.2283,0.8330,21.3708,47.1226,-28.5330
3750,0.0581,-0.2111,0.8884,8.3452,35.5310,-23.0981
3760,0.0643,-0.2354,0.9578,4.6343,17.2729,-29.2074
3770,0.0524,-0.2469,1.0037,-6.7453,9.9358,-26.6176
3780,0.0578,-0.2545,1.0324,-15.5820,0.8612,-21.6150
3790,-0.0110,-0.2462,1.1025,-24.9594,-11.0684,-26.1530
3800,-0.0042,-0.2644,1.1723,-30.1024,-18.4775,-27.9813
3810,-0.0287,-0.2243,1.1826,-39.4326,-32.3325,-24.6773
3820,-0.0772,-0.2418,1.2761,-44.0430,-38.9661,-23.4167
3830,-0.0784,-0.2052,1.2242,-51.9096,-49.1294,-23.1009
3840,-0.1106,-0.1966,1.2139,-55.6416,-62.8644,-27.9218
3850,-0.1809,-0.1578,1.2270,-63.8813,-70.5048,-22.7385
3860,-0.1527,-0.1581,1.1807,-68.5708,-76.7642,-26.3636
3870,-0.1810,-0.1162,1.1197,-73.8299,-80.9284,-17.4734
3880,-0.2294,-0.1308,1.0574,-73.8051,-83.5286,-19.9411
3890,-0.2730,-0.0761,1.0099,-70.6766,-88.6978,-19.8362
3900,-0.2390,-0.0687,0.9574,-65.4332,-87.9567,-16.4009
3910,-0.2820,-0.0359,0.8973,-72.3413,-93.0278,-15.4927
3920,-0.2798,-0.0159,0.8271,-69.4603,-94.8893,-17.5624
3930,-0.2797,0.0231,0.8008,-63.4623,-87.2879,-10.7638
3940,-0.3204,-0.0109,0.7721,-58.2264,-81.6677,-12.8754
3950,-0.2878,0.0580,0.7506,-54.9893,-78.2594,-14.3603
3960,-0.2944,0.0428,0.6686,-46.9102,-73.0985,-6.5328
3970,-0.2661,0.1171,0.7250,-42.4513,-62.1140,-4.5312
3980,-0.2401,0.0678,0.7498,-33.0815,-51.7701,-3.6665
3990,-0.2032,0.1006,0.7965,-22.9122,-47.1411,-3.5027
4000,-0.1363,0.0990,0.8545,-12.6543,-38.2476,-4.6440
4010,-0.1051,0.1743,0.9286,-7.0298,-27.5643,0.7121
4020,-0.0587,0.1213,0.9825,1.5547,-11.2682,4.1788
4030,-0.0007,0.1522,1.0351,12.7052,-3.1175,3.9489
4040,0.0690,0.1384,1.0977,22.9584,9.6736,7.2162
4050,0.0942,0.1097,1.1791,29.3974,20.9856,4.0299
4060,0.1507,0.1329,1.1708,34.4153,30.7987,9.1057
4070,0.2110,0.1427,1.2205,44.6090,37.9196,10.6704
4080,0.2443,0.1127,1.2602,52.8565,51.8293,7.5170
4090,0.2834,0.1225,1.2352,54.6293,59.2946,8.5618
4100,0.3046,0.0772,1.1697,59.0961,67.6189,12.0189
4110,0.3770,0.0640,1.1850,67.0679,76.0233,15.1193
4120,0.3748,0.0322,1.1201,70.0818,79.2682,17.3858
4130,0.3591,0.0244,1.0725,73.0645,84.5637,17.3193
4140,0.3438,0.0320,1.0368,72.0513,86.7462,18.8558
4150,0.3781,-0.0213,0.9681,70.3015,90.9982,19.8341
4160,0.3196,-0.0548,0.8803,68.8965,88.6081,21.5472
4170,0.2894,-0.0957,0.8495,65.0370,89.5262,23.5191
4180,0.2684,-0.1259,0.7901,60.8791,83.5467,24.3698
4190,0.2424,-0.1038,0.7532,57.0278,81.6270,24.0520
4200,0.2359,-0.1777,0.7392,51.3389,75.7394,25.4051
4210,0.1830,-0.1916,0.7355,48.8390,70.6196,24.5441
4220,0.1989,-0.1935,0.7345,37.1783,63.8432,27.5384
4230,0.1114,-0.2179,0.7607,31.0483,54.0216,25.4274
4240,0.1212,-0.1829,0.8062,22.4484,45.5066,29.9786
4250,0.0629,-0.2816,0.8413,17.1184,30.8563,26.9235
4260,0.0979,-0.2355,0.8952,5.4804,26.2469,27.6322
4270,0.0368,-0.2333,1.0035,-4.0742,12.6590,25.5910
4280,0.0240,-0.2723,1.0325,-10.3434,2.6130,26.3290
4290,0.0255,-0.2621,1.0935,-20.3211,-9.4384,27.1557
4300,0.0129,-0.2369,1.1428,-29.8628,-16.9181,26.5733
4310,-0.0538,-0.2065,1.1859,-33.5723,-31.1482,24.9232
4320,-0.0586,-0.2485,1.2134,-42.2269,-38.0941,23.3912
4330,-0.1020,-0.2497,1.2293,-46.8867,-46.3673,25.1989
4340,-0.0941,-0.1851,1.2125,-53.6304,-53.8214,24.7969
4350,-0.1223,-0.1588,1.2352,-59.1498,-62.2005,24.8894
4360,-0.1546,-0.1770,1.1753,-64.8093,-70.6594,25.4181
4370,-0.1914,-0.1921,1.1659,-70.8009,-80.9023,21.3041
4380,-0.2101,-0.0989,1.0617,-69.2413,-80.2959,17.0538
4390,-0.2445,-0.1082,1.0205,-71.7483,-84.2453,19.6156
4400,-0.2428,-0.0585,1.0027,-70.6789,-87.2337,15.1062
4410,-0.2435,-0.0588,0.9224,-71.1863,-88.3201,15.0564
4420,-0.3314,-0.0387,0.8492,-70.3649,-89.4404,18.2381
4430,-0.3067,-0.0164,0.8208,-67.9825,-88.9519,15.9832
4440,-0.3186,0.0491,0.7472,-59.8711,-82.2034,11.9524
4450,-0.2980,0.0699,0.7445,-53.8024,-77.5488,10.5581
4460,-0.3162,0.0207,0.6862,-50.6716,-76.1935,10.0443
4470,-0.2817,0.0641,0.7251,-42.4398,-65.4479,5.1710
4480,-0.2745,0.1351,0.7385,-33.5073,-59.2673,8.0867
4490,-0.2038,0.1083,0.7966,-29.4386,-48.6457,4.7103
4500,-0.1747,0.1010,0.8479,-20.0149,-40.2500,7.4095
4510,-0.1300,0.1387,0.8707,-12.2858,-27.6922,-0.1225
4520,-0.0673,0.1433,0.9804,1.2649,-17.0306,2.2903
4530,-0.0293,0.1471,0.9936,7.6968,-7.1039,-2.6084
4540,0.0005,0.1403,1.0249,15.1074,-0.4178,-0.9012
4550,0.0997,0.1415,1.0743,21.4382,15.2786,-6.5622
4560,0.1515,0.1327,1.2025,33.2589,25.6087,-4.9406
4570,0.1890,0.1406,1.2019,42.7727,33.1354,-8.7916
4580,0.2564,0.1064,1.2114,47.2886,46.8532,-11.1549
4590,0.2946,0.1049,1.2150,52.5640,50.8640,-11.1657
4600,0.2819,0.0908,1.1992,60.5664,64.4367,-11.5241
4610,0.3100,0.1029,1.2267,61.1198,73.0228,-13.0170
4620,0.3708,0.0669,1.1674,66.9196,74.3736,-11.9037
4630,0.3771,0.0355,1.1585,70.8033,82.7582,-14.7768
4640,0.3347,0.0231,1.0580,69.8794,86.4481,-23.0784
4650,0.3201,-0.0009,0.9612,70.2713,89.4158,-19.7150
4660,0.3197,-0.0099,0.9678,71.9915,86.9695,-23.9511
4670,0.3060,-0.0452,0.8862,69.8849,91.2172,-21.7794
4680,0.2645,-0.0422,0.8379,67.3110,89.4135,-20.6993
4690,0.2711,-0.0765,0.8251,64.5165,88.2415,-25.5649
4700,0.2196,-0.1265,0.7547,60.2762,83.3720,-26.0430
4710,0.1945,-0.1553,0.7615,52.8579,80.9261,-24.1173
4720,0.2076,-0.1514,0.7299,46.7725,72.8931,-25.6687
4730,0.1498,-0.1769,0.7222,42.3471,66.8800,-22.4680
4740,0.1349,-0.2068,0.7709,35.7089,59.6940,-25.4554
4750,0.1261,-0.2480,0.7822,28.5763,48.8937,-25.3685
4760,0.1090,-0.2663,0.8612,16.4311,41.6020,-23.1815
4770,0.0675,-0.2310,0.9027,12.7193,31.1979,-27.8111
4780,0.0519,-0.2304,0.9544,1.7043,19.3002,-26.8892
4790,0.0157,-0.2333,1.0264,-8.6579,6.3201,-28.8159
4800,0.0479,-0.2755,1.0872,-16.6918,-2.6192,-26.1664
4810,0.0069,-0.2263,1.1246,-24.6047,-12.9323,-24.3574
4820,-0.0483,-0.2518,1.1935,-31.0042,-26.6510,-23.3207
4830,-0.0474,-0.2244,1.2038,-44.3238,-35.5268,-25.6475
4840,-0.0595,-0.2100,1.2402,-49.0147,-47.6844,-26.3239
4850,-0.0868,-0.2209,1.2097,-56.0946,-59.1077,-25.8076
4860,-0.0827,-0.2018,1.2193,-60.8960,-63.5327,-26.3868
4870,-0.1170,-0.2140,1.2012,-62.3219,-68.4551,-22.5803
4880,-0.1803,-0.1724,1.1426,-66.1465,-77.7538,-19.2763
4890,-0.2012,-0.1665,1.0977,-72.4361,-85.8483,-25.6328
4900,-0.2541,-0.0966,1.0338,-72.3967,-86.0219,-24.0639
4910,-0.2468,-0.0815,1.0017,-71.5691,-89.9953,-15.8337
4920,-0.2687,-0.0422,0.9172,-74.0849,-86.0682,-20.7252
4930,-0.2356,-0.0289,0.8825,-67.7510,-89.7979,-15.5730
4940,-0.3020,-0.0212,0.8460,-66.2683,-87.9813,-17.2064
4950,-0.3510,0.0173,0.7893,-62.6959,-86.9739,-12.0161
4960,-0.3227,0.0270,0.7172,-57.2519,-80.9595,-10.4631
4970,-0.3001,0.0672,0.7360,-49.0401,-77.6521,-10.2820
4980,-0.3104,0.0834,0.7523,-45.3871,-71.2019,-7.2625
4990,-0.2806,0.0742,0.7384,-39.4614,-62.5332,-7.3326
5000,-0.2396,0.1099,0.7934,-27.5779,-55.5991,-4.7020
5010,-0.1915,0.1233,0.8189,-24.6527,-43.1373,-0.7209
5020,-0.1607,0.1266,0.8609,-16.6745,-38.7606,-0.6194
5030,-0.1199,0.1602,0.9114,-8.4545,-24.8162,-2.2472
5040,-0.0289,0.1822,0.9726,6.0645,-14.2547,-0.7292
5050,-0.0011,0.1426,1.0379,13.1570,-4.7110,2.0379
5060,0.0522,0.1421,1.0986,21.7359,11.7844,3.6256
5070,0.0815,0.1010,1.1520,28.3538,13.8829,5.6454
5080,0.1444,0.1371,1.1912,35.5999,31.4466,5.8962
5090,0.2215,0.1216,1.2068,41.8327,36.2654,10.0266
5100,0.2185,0.0749,1.2295,48.6520,49.0129,10.3797
5110,0.2851,0.1091,1.2360,57.0763,62.3109,12.5660
5120,0.3269,0.0995,1.1823,61.2264,61.1898,13.2307
5130,0.3257,0.0538,1.1708,68.4953,69.8864,15.8954
5140,0.3506,0.0400,1.1286,67.0334,81.2482,13.6737
5150,0.3279,0.0030,1.0827,69.9381,84.3146,20.6932
5160,0.3713,0.0100,1.0125,69.8985,86.7135,19.6720
5170,0.3556,-0.0601,0.9509,74.3211,89.5442,21.0435
5180,0.3222,-0.0596,0.8811,67.8229,88.1658,22.4017
5190,0.2610,-0.0392,0.8561,69.3123,89.4112,24.3587
5200,0.2515,-0.1006,0.8027,67.2702,89.9515,24.5602
5210,0.2666,-0.1147,0.7295,59.9186,82.9230,24.3642
5220,0.2534,-0.1496,0.7391,56.2425,79.1357,24.2848
5230,0.1992,-0.1896,0.7079,44.8755,75.6991,21.9744
5240,0.1894,-0.1872,0.7710,40.9820,69.7376,26.2867
5250,0.1261,-0.1955,0.7496,30.8554,56.5404,25.6976
5260,0.1093,-0.2392,0.7874,26.0971,48.9739,26.0656
5270,0.0905,-0.2239,0.8438,17.2753,37.5321,31.7523
5280,0.0788,-0.2147,0.8909,7.3609,27.4969,23.3777
5290,0.0211,-0.2243,0.9501,2.4083,17.8938,27.2584
5300,0.0516,-0.2809,1.0437,-7.6154,6.4682,29.5264
5310,0.0412,-0.2694,1.0753,-17.8683,-6.4906,28.8829
5320,-0.0277,-0.2796,1.1436,-26.6478,-18.4545,29.1836
5330,-0.0516,-0.2203,1.1952,-36.7715,-26.9968,23.8131
5340,-0.0362,-0.2219,1.1838,-41.1262,-34.7907,24.0202
5350,-0.0788,-0.2088,1.2583,-43.7271,-42.8302,26.6238
5360,-0.1346,-0.2281,1.2441,-55.0455,-54.6763,24.2169
5370,-0.0954,-0.2184,1.2419,-58.1585,-62.1913,27.5306
5380,-0.1348,-0.1756,1.1834,-64.6940,-68.0964,23.7574
5390,-0.1708,-0.1583,1.1875,-65.2135,-73.5517,22.9331
5400,-0.1474,-0.1555,1.1329,-68.8053,-80.8927,22.4240
5410,-0.2150,-0.1121,1.0579,-71.9005,-85.1638,19.9099
5420,-0.2586,-0.0781,1.0541,-75.5751,-84.3497,19.5494
5430,-0.2642,-0.0624,0.9593,-72.5910,-90.2599,16.7732
5440,-0.3061,-0.0634,0.8843,-67.6664,-90.8277,16.7875
5450,-0.3143,-0.0618,0.8419,-68.0968,-92.0655,14.6396
5460,-0.3002,-0.0007,0.8105,-62.8087,-85.6788,14.7291
5470,-0.3212,0.0304,0.7811,-60.5877,-83.4819,9.9757
5480,-0.3139,0.0446,0.7483,-57.7485,-74.1785,8.2920
5490,-0.2596,0.0603,0.7547,-47.4695,-72.9791,10.7795
5500,-0.2543,0.0746,0.7680,-40.4631,-63.3138,8.6827
5510,-0.2258,0.1199,0.7377,-34.4101,-54.6589,4.6505
5520,-0.1948,0.1189,0.7895,-25.8263,-44.1474,4.4843
5530,-0.1537,0.1339,0.8271,-16.1704,-40.3398,1.2220
5540,-0.0830,0.1215,0.9071,-8.6095,-23.7021,5.6352
5550,-0.0665,0.1338,0.9874,1.0823,-17.2351,-3.0401
5560,0.0286,0.1529,1.0365,9.3451,-5.8464,1.7539
5570,0.0300,0.1295,1.0635,14.1192,5.2710,-5.0374
5580,0.1007,0.1211,1.1329,27.2448,16.5664,-4.2598
5590,0.1326,0.1331,1.2036,34.7076,27.9275,-7.3286
5600,0.1993,0.1548,1.2012,41.3937,33.9763,-9.1047
5610,0.2588,0.1228,1.2260,50.5985,49.2389,-8.0307
5620,0.3154,0.1326,1.2346,55.2430,57.9521,-9.9013
5630,0.3022,0.0828,1.1759,62.6253,64.4273,-13.6659
5640,0.3357,0.0594,1.1968,67.9653,73.3879,-16.3786
5650,0.3388,0.0191,1.1505,68.8966,83.2988,-11.6428
5660,0.3355,0.0117,1.1004,67.7972,84.5687,-14.3712
5670,0.3221,0.0257,1.0043,70.4576,86.7880,-18.2744
5680,0.3348,-0.0232,0.9409,73.4107,92.9508,-20.4262
5690,0.2813,-0.0406,0.8821,69.6062,88.4825,-20.3643
5700,0.2992,-0.0631,0.8499,66.3223,88.9324,-21.6787
5710,0.2707,-0.1038,0.7951,63.9189,85.6901,-20.4549
5720,0.2303,-0.1312,0.7611,60.5467,82.6504,-25.6081
5730,0.2008,-0.1428,0.7759,55.7175,80.6491,-24.2399
5740,0.1643,-0.1537,0.7566,50.0608,74.1622,-26.5375
5750,0.2051,-0.1751,0.7211,41.0073,65.3286,-22.8616
5760,0.1170,-0.1903,0.7398,35.3033,59.2841,-22.3025
5770,0.1511,-0.2117,0.8181,27.6636,51.2390,-26.4598
5780,0.1063,-0.2442,0.8271,18.7107,39.5573,-25.5073
5790,0.0660,-0.2436,0.9142,6.0165,30.1940,-23.9409
5800,0.0294,-0.2643,0.9806,0.4838,17.7545,-27.4192
5810,0.0515,-0.2294,1.0091,-11.9810,4.9852,-28.6313
5820,0.0439,-0.2915,1.0819,-16.5643,-6.2273,-24.4929
5830,-0.0284,-0.2505,1.1414,-24.7097,-19.4389,-25.2810
5840,-0.0354,-0.1922,1.1647,-32.4202,-27.3298,-26.3312
5850,-0.0275,-0.2385,1.1904,-40.9675,-37.9852,-22.5619
5860,-0.0634,-0.2431,1.2188,-50.1099,-48.8207,-24.4677
5870,-0.0554,-0.2058,1.2464,-53.6599,-57.7582,-27.8048
5880,-0.1338,-0.1621,1.2063,-61.4132,-66.0630,-22.7549
5890,-0.1393,-0.1717,1.1822,-64.1582,-72.7642,-22.6911
5900,-0.2056,-0.1333,1.1315,-70.6432,-78.7715,-17.7741
5910,-0.1649,-0.1222,1.0642,-72.0315,-83.9121,-20.5848
5920,-0.2482,-0.1080,1.0623,-71.0085,-88.7126,-19.8424
5930,-0.3038,-0.0114,0.9197,-68.3154,-86.4775,-17.2796
5940,-0.2839,-0.0467,0.8890,-70.5155,-88.1719,-16.3212
5950,-0.3011,-0.0317,0.8522,-63.3228,-88.7696,-18.1579
5960,-0.2696,-0.0054,0.7646,-58.6081,-84.6983,-13.6391
5970,-0.3169,0.0351,0.7702,-62.0826,-82.2733,-13.0955
5980,-0.3047,0.0588,0.7613,-53.8802,-78.2250,-8.0627
5990,-0.2802,0.0853,0.7132,-49.8267,-71.8130,-4.6295
6000,-0.2422,0.0894,0.7413,-42.0723,-60.4848,-10.2724
6010,-0.2452,0.0760,0.7383,-34.8042,-55.1101,-8.2613
6020,-0.1868,0.1299,0.8070,-25.6779,-45.8876,-6.3635
6030,-0.1528,0.1253,0.8479,-14.7823,-38.5058,-4.2738
6040,-0.1270,0.1338,0.8991,-7.1359,-27.4901,-2.8796
6050,-0.0684,0.1162,0.9814,0.2833,-13.6741,0.2553
6060,-0.0167,0.1378,1.0232,8.3720,-6.5793,3.9402
6070,0.0169,0.1353,1.0972,16.8926,5.1988,0.7338
6080,0.1056,0.1474,1.1288,24.0301,14.7988,1.6366
6090,0.1064,0.1142,1.1390,33.0264,24.3921,2.6474
6100,0.2118,0.1357,1.2070,40.2764,37.6691,10.2973
6110,0.2540,0.1257,1.2339,48.6268,45.4972,12.3947
6120,0.2700,0.0876,1.2014,51.1447,54.9978,8.1647
6130,0.2882,0.0813,1.2482,60.8742,61.4056,9.4950
6140,0.3238,0.0569,1.1971,67.6529,75.7852,14.5809
6150,0.3501,0.0762,1.1742,67.4380,76.3786,17.6167
6160,0.3639,-0.0142,1.1021,66.9996,81.4526,18.8169
6170,0.3552,0.0052,1.0630,74.1634,88.3153,18.5337
6180,0.3617,-0.0468,1.0028,71.3088,87.6126,20.8060
6190,0.3146,-0.0506,0.9194,65.1423,89.9749,21.3967
6200,0.3089,-0.0524,0.8635,68.3908,88.1196,20.7839
6210,0.2483,-0.1074,0.7674,66.7456,87.8191,26.6985
6220,0.2678,-0.1166,0.7961,61.9505,83.7142,23.7726
6230,0.2260,-0.1606,0.7189,58.0546,80.6098,22.3748
6240,0.1876,-0.1255,0.6871,50.9429,73.6767,24.3126
6250,0.1915,-0.1656,0.7160,43.0684,65.7598,22.7442
6260,0.1537,-0.1801,0.7403,30.7535,57.6514,26.3734
6270,0.0550,-0.2463,0.8093,22.9619,47.4386,28.9515
6280,0.0896,-0.2535,0.8279,16.9801,36.8595,24.4743
6290,0.0385,-0.2190,0.9083,9.0892,29.1733,29.4040
6300,0.0687,-0.2506,0.9459,-3.4580,17.5199,31.3751
6310,0.0760,-0.2550,1.0784,-12.6036,4.0680,27.8613
6320,-0.0030,-0.2426,1.1040,-19.2632,-9.7891,24.6012
6330,-0.0127,-0.2701,1.1896,-33.4425,-18.9576,24.8772
6340,-0.0379,-0.2231,1.1678,-40.9104,-32.4532,25.5407
6350,-0.0472,-0.2285,1.2291,-44.8555,-39.8683,23.1501
6360,-0.0642,-0.2069,1.2101,-50.5572,-49.7560,22.6211
6370,-0.0780,-0.2136,1.2382,-58.3118,-60.5157,23.8557
6380,-0.1524,-0.1706,1.2197,-67.2819,-69.6020,23.1422
6390,-0.1256,-0.1775,1.1452,-66.2159,-75.4251,23.9267
6400,-0.2019,-0.1244,1.1134,-71.7229,-75.5395,19.4097
6410,-0.2064,-0.0974,1.0577,-69.8423,-84.7751,24.4685
6420,-0.2140,-0.0790,0.9941,-72.1725,-87.8040,21.7667
6430,-0.2443,-0.0652,0.9546,-71.3142,-87.3579,20.3620
6440,-0.3000,-0.0357,0.8833,-69.1999,-89.1327,15.8911
6450,-0.3117,-0.0764,0.8149,-68.9726,-87.0358,19.2695
6460,-0.3169,0.0199,0.7963,-62.5980,-89.0692,13.6315
6470,-0.3112,0.0206,0.7706,-57.3767,-85.2789,16.5350
6480,-0.2816,0.0524,0.7099,-53.0683,-71.3329,13.3982
6490,-0.3170,0.0653,0.7193,-44.9336,-71.6975,7.9221
6500,-0.2576,0.0637,0.7417,-40.9982,-64.0934,7.0611
6510,-0.2266,0.0962,0.7605,-30.6928,-55.3854,10.1951
6520,-0.1928,0.1336,0.7866,-24.2418,-45.1441,6.9074
6530,-0.1500,0.1607,0.8666,-17.9148,-39.2044,2.8864
6540,-0.0825,0.1283,0.9211,-7.6939,-26.3885,2.0097
6550,-0.0469,0.1290,0.9828,0.9322,-15.4181,0.2118
6560,0.0174,0.1788,1.0287,10.0778,-2.5954,-3.4617
6570,0.0639,0.1318,1.1276,19.5299,6.9120,-3.8782
6580,0.1442,0.1875,1.1757,30.0470,16.8156,-6.4805
6590,0.1216,0.1408,1.1744,35.1919,26.7864,-7.6229
6600,0.2370,0.1119,1.2119,44.1357,34.9801,-7.5724
6610,0.2465,0.1375,1.2522,47.4631,50.9062,-11.9318
6620,0.2807,0.1373,1.2124,56.4322,54.9604,-10.0571
6630,0.2975,0.0556,1.2187,64.1460,65.9498,-12.9385
6640,0.3014,0.0922,1.1733,68.2170,78.1207,-13.3306
6650,0.3415,0.0301,1.1043,70.8054,80.5671,-14.6681
6660,0.3357,0.0420,1.0573,70.4465,86.7616,-15.2615
6670,0.3522,-0.0201,0.9681,70.0423,88.0496,-17.7512
6680,0.2973,-0.0720,0.9185,70.9574,91.2970,-18.8826
6690,0.3363,-0.0553,0.8308,66.5872,89.8440,-21.7129
6700,0.2917,-0.0698,0.8676,64.0537,87.4066,-21.1189
6710,0.2551,-0.0709,0.8086,64.3440,88.0989,-24.9684
6720,0.2173,-0.1025,0.7718,55.4922,80.5927,-24.4895
6730,0.1893,-0.1435,0.7386,55.3705,73.3884,-23.1581
6740,0.1582,-0.1799,0.7510,43.2294,69.6120,-25.3020
6750,0.1458,-0.2021,0.7671,40.4816,64.5917,-24.7763
6760,0.1296,-0.2150,0.7899,29.0340,52.4416,-28.2428
6770,0.1032,-0.2389,0.8253,23.8473,47.2840,-23.6962
6780,0.0562,-0.2390,0.8383,12.8268,37.2839,-27.8188
6790,0.0579,-0.2931,0.9241,5.8692,29.0759,-25.9951
6800,0.0246,-0.2442,0.9700,-4.0066,12.1734,-26.8467
6810,0.0272,-0.2505,1.0176,-13.3373,3.7207,-24.8394
6820,0.0416,-0.1976,1.0789,-20.5629,-12.5047,-27.2651
6830,-0.0011,-0.2300,1.1575,-26.4443,-20.4627,-28.2187
6840,-0.0396,-0.2480,1.2096,-38.3865,-30.0005,-29.6250
6850,-0.0857,-0.2181,1.1872,-42.3158,-38.9789,-25.9750
6860,-0.1069,-0.2401,1.2642,-51.2652,-50.5173,-27.0969
6870,-0.1373,-0.2123,1.2559,-57.3931,-59.5100,-22.9280
6880,-0.1141,-0.2210,1.2021,-57.7319,-68.0782,-20.3590
6890,-0.1708,-0.1358,1.1697,-70.3623,-74.5853,-26.8476
6900,-0.1820,-0.1316,1.1344,-70.4405,-78.9266,-24.0157
6910,-0.2251,-0.1428,1.0987,-74.7613,-83.3050,-19.6915
6920,-0.2341,-0.0995,1.0191,-72.5746,-86.0544,-16.8419
6930,-0.2304,-0.0567,0.9473,-72.2938,-87.2926,-17.5962
6940,-0.2927,-0.0415,0.9163,-63.1336,-87.6638,-16.3215
6950,-0.3050,-0.0136,0.8000,-67.1132,-92.4754,-14.3359
6960,-0.3243,-0.0120,0.7936,-60.3484,-87.4602,-12.6697
6970,-0.2926,0.0159,0.7795,-56.7122,-83.0139,-9.0631
6980,-0.3242,0.0542,0.7410,-54.2217,-78.5277,-9.5176
6990,-0.3088,0.0946,0.7468,-44.7812,-67.7496,-11.4026
7000,-0.2903,0.0778,0.7544,-35.2332,-60.8046,-8.2778
7010,-0.2599,0.0877,0.7863,-30.5075,-54.0795,-5.3141
7020,-0.1791,0.1479,0.8201,-21.2080,-43.2333,-5.5361
7030,-0.0893,0.1176,0.8551,-11.4967,-30.4096,-2.6812
7040,-0.1066,0.1657,0.9299,-6.0047,-22.1565,-1.4285
7050,-0.0152,0.1534,0.9930,4.0415,-11.4253,-0.1529
7060,0.0357,0.1676,1.0903,16.6227,3.9320,4.5971
7070,0.0722,0.1821,1.1604,26.8625,15.8734,4.3284
7080,0.1446,0.1550,1.1836,32.5404,29.1890,4.6479
7090,0.1974,0.1473,1.1942,41.7763,38.3105,7.1224
7100,0.2252,0.1036,1.2105,48.0562,47.4334,9.9749
7110,0.3173,0.0931,1.2257,54.6058,54.7409,15.7829
7120,0.2703,0.1034,1.2457,61.6040,62.2791,13.5525
7130,0.3388,0.1016,1.1969,65.0414,71.7221,17.5304
7140,0.3519,0.0767,1.1463,68.7214,73.2123,17.0244
7150,0.3386,0.0732,1.0821,67.8125,83.9207,13.0181
7160,0.3514,0.0126,1.0647,69.6216,88.2632,19.2060
7170,0.3570,-0.0148,0.9890,72.5428,89.0992,17.9796
7180,0.3286,-0.0222,0.9235,67.8720,89.5633,18.0392
7190,0.3147,-0.0664,0.8692,69.6190,91.8168,19.6256
7200,0.2979,-0.0917,0.8512,64.8708,88.1076,26.3168
7210,0.2180,-0.1350,0.7731,60.6264,87.1881,20.4133
7220,0.2657,-0.1133,0.7848,59.4913,86.1113,23.0006
7230,0.2508,-0.1788,0.7572,50.4951,77.3804,27.3636
7240,0.1963,-0.1678,0.7328,43.3245,70.9936,26.9968
7250,0.1677,-0.2262,0.7666,35.6080,61.6409,22.7705
7260,0.0901,-0.1938,0.7836,27.7155,50.8966,26.4419
7270,0.0926,-0.2491,0.8149,24.4846,41.1798,25.9067
7280,0.0600,-0.2203,0.8725,7.2600,31.9172,26.7070
7290,0.0455,-0.2759,0.9153,3.0687,23.8388,28.6932
7300,0.0590,-0.2571,1.0002,-5.5464,8.6352,26.0100
7310,0.0053,-0.2264,1.0497,-11.7864,0.3867,26.4196
7320,-0.0002,-0.2647,1.1186,-23.2188,-9.2010,29.7853
7330,-0.0521,-0.2437,1.1661,-34.4771,-21.4400,22.8747
7340,-0.0380,-0.2473,1.1284,-35.1497,-31.1608,25.4145
7350,-0.0521,-0.2752,1.2214,-46.4811,-41.4204,26.6637
7360,-0.0918,-0.2099,1.1930,-51.3543,-49.2507,22.5917
7370,-0.1169,-0.1923,1.2301,-59.8458,-57.3376,23.1349
7380,-0.0907,-0.2059,1.1922,-64.2389,-64.0692,20.9820
7390,-0.1802,-0.1527,1.1803,-67.1242,-72.8690,23.0596
7400,-0.2040,-0.1596,1.1635,-67.3845,-80.8369,20.5589
7410,-0.2258,-0.1420,1.0514,-69.3562,-83.4409,22.3947
7420,-0.2089,-0.1011,1.0379,-73.1060,-85.8533,21.8880
7430,-0.2155,-0.0903,0.9703,-70.8901,-86.4448,18.7259
7440,-0.2749,-0.0021,0.8633,-71.1985,-94.0435,16.4004
7450,-0.3137,-0.0501,0.8494,-67.3139,-88.1470,16.1193
7460,-0.3173,0.0229,0.7865,-63.1080,-89.5609,14.1352
7470,-0.2883,0.0527,0.7411,-57.1033,-80.4831,9.9991
7480,-0.3211,0.0143,0.7195,-54.1328,-75.9961,13.1589
7490,-0.2565,0.0421,0.7956,-45.8299,-68.6098,9.6969
7500,-0.2331,0.1063,0.7375,-37.8188,-60.2110,9.2233
7510,-0.2280,0.1015,0.7380,-30.1677,-52.5462,3.2550
7520,-0.1780,0.1321,0.7960,-23.7062,-45.2408,6.1370
7530,-0.1299,0.1582,0.8595,-9.8730,-33.0734,6.9200
7540,-0.0648,0.1356,0.9160,-5.5490,-21.1086,2.2816
7550,-0.0631,0.1268,0.9840,5.8530,-12.6238,-3.5675
7560,0.0328,0.0954,1.0214,12.9569,-2.0547,-2.1180
7570,0.0564,0.1531,1.1098,23.5068,6.5339,-3.9458
7580,0.1133,0.1254,1.1484,26.6883,24.2205,-5.3567
7590,0.1816,0.1426,1.1687,42.9556,31.7472,-7.9002
7600,0.2208,0.1307,1.2038,45.6080,41.3574,-8.0112
7610,0.2471,0.0844,1.2223,50.4142,51.9020,-11.5901
7620,0.2693,0.1297,1.2395,59.1142,60.3034,-11.8064
7630,0.3049,0.1002,1.2120,67.6866,68.5296,-15.0095
7640,0.3693,0.0756,1.1608,67.9625,78.0501,-14.8286
7650,0.3885,0.0114,1.1172,67.4409,83.0158,-14.4894
7660,0.3623,0.0031,1.0635,70.5786,88.4537,-18.8146
7670,0.3657,-0.0243,1.0379,74.5868,91.3694,-17.7194
7680,0.3158,-0.0497,0.9146,68.2667,88.2593,-22.1426
7690,0.3063,-0.0876,0.8802,68.8609,90.7119,-22.1095
7700,0.2900,-0.0815,0.8326,65.6063,91.0797,-22.8226
7710,0.2378,-0.1089,0.7582,66.6293,89.7892,-20.6867
7720,0.2086,-0.1321,0.7484,56.0904,77.8600,-25.6386
7730,0.2065,-0.1680,0.7354,54.2641,73.1261,-22.2287
7740,0.1717,-0.1513,0.7220,43.9959,70.4452,-28.2256
7750,0.1309,-0.1909,0.7562,36.7068,61.5408,-26.0857
7760,0.1330,-0.2664,0.7959,31.9262,51.1504,-24.3633
7770,0.0951,-0.2385,0.8424,22.3105,43.7616,-25.1239
7780,0.0964,-0.2384,0.8750,7.8550,30.1072,-28.7800
7790,0.0579,-0.2246,0.9349,4.6919,17.8430,-29.2883
7800,0.0314,-0.2547,1.0444,-4.8816,10.3507,-25.0314
7810,0.0214,-0.2550,1.0354,-16.1158,-0.3891,-29.2295
7820,-0.0025,-0.2617,1.1158,-22.7189,-10.0922,-25.2981
7830,-0.0328,-0.2301,1.1798,-31.3359,-21.0840,-27.1766
7840,-0.0466,-0.2451,1.1996,-40.1270,-32.4889,-25.7464
7850,-0.0419,-0.2396,1.2310,-46.4386,-41.8798,-20.6119
7860,-0.0667,-0.2298,1.2329,-53.0912,-52.1100,-21.5616
7870,-0.0760,-0.1903,1.2422,-57.5173,-61.8721,-22.3762
7880,-0.1607,-0.1955,1.2368,-64.4580,-67.2509,-26.1044
7890,-0.1632,-0.1982,1.1747,-66.1623,-71.7849,-21.7671
7900,-0.1925,-0.1302,1.1380,-72.1921,-78.4624,-21.3072
7910,-0.2122,-0.1308,1.0718,-71.2077,-80.8749,-20.4171
7920,-0.2505,-0.0859,1.0052,-72.2226,-88.1411,-16.3799
7930,-0.2727,-0.0637,0.9578,-73.8062,-92.8530,-21.4821
7940,-0.2661,-0.0236,0.8779,-68.7632,-88.3701,-16.1561
7950,-0.2930,-0.0035,0.8628,-64.3749,-87.2359,-15.2928
7960,-0.3295,-0.0136,0.8376,-62.5227,-89.5699,-15.7959
7970,-0.2836,0.0193,0.7980,-63.3277,-86.8896,-9.2755
7980,-0.2870,0.0185,0.7659,-53.0227,-79.0350,-13.8939
7990,-0.3093,0.0960,0.7115,-49.9573,-73.0384,-9.9669
8000,-0.2616,0.0921,0.7648,-43.2450,-69.1930,-8.1825
8010,-0.2661,0.1287,0.7392,-36.8220,-59.7315,-11.1659
8020,-0.1930,0.1101,0.7870,-27.2894,-51.3284,-7.9266
8030,-0.1775,0.0882,0.8713,-15.8759,-42.2366,-5.3073
8040,-0.1388,0.1699,0.8710,-8.2366,-31.5374,0.0198
8050,-0.0775,0.1478,0.9705,-1.0900,-17.8190,2.0392
8060,-0.0244,0.1522,1.0280,8.3103,-6.4962,3.1905
8070,0.0531,0.1507,1.0812,17.9743,4.6174,4.2184
8080,0.1100,0.1591,1.1215,28.7854,12.4734,1.0091
8090,0.1617,0.1502,1.1917,39.6934,32.0700,7.5995
8100,0.1928,0.0995,1.2010,40.5761,36.2102,7.5597
8110,0.1735,0.1412,1.2480,49.5102,47.5524,12.5419
8120,0.2845,0.0946,1.2534,54.7837,54.6424,14.4187
8130,0.2744,0.0785,1.1873,59.4256,65.9705,17.7572
8140,0.3362,0.1053,1.1798,65.6070,68.8934,15.9669
8150,0.3686,0.0654,1.1371,69.6746,78.9222,17.7671
8160,0.3557,0.0173,1.0672,67.9614,83.2673,15.3758
8170,0.3397,-0.0345,1.0151,69.7199,88.6195,18.7718
8180,0.3359,-0.0154,0.9855,74.2364,86.8257,17.1520
8190,0.3223,-0.0323,0.9187,71.5785,88.7384,22.5789
8200,0.2943,-0.0696,0.8314,69.9567,89.2158,19.3921
8210,0.2714,-0.1163,0.8049,65.0089,92.0771,22.2927
8220,0.2382,-0.1316,0.7841,61.1084,82.2059,21.9566
8230,0.2541,-0.1629,0.7221,57.9637,81.4485,23.4228
8240,0.2006,-0.1562,0.7128,49.8443,73.7787,26.0289
8250,0.1938,-0.1631,0.7641,42.2569,69.2208,24.5273
8260,0.1429,-0.1770,0.7749,37.0388,62.0562,26.6184
8270,0.1221,-0.2290,0.7499,30.1608,51.5571,24.5682
8280,0.0891,-0.2250,0.8099,16.0232,40.0470,29.7664
8290,0.0820,-0.2275,0.8953,12.0042,30.4893,25.7836
8300,0.0697,-0.2555,0.9223,2.6187,18.3681,29.2047
8310,0.0400,-0.2520,0.9995,-8.9139,8.6622,31.4538
8320,0.0016,-0.2074,1.0603,-16.6622,-6.0890,22.0307
8330,-0.0178,-0.2437,1.1311,-24.6336,-13.8333,24.7366
8340,0.0121,-0.2252,1.1148,-31.2774,-25.2581,25.9997
8350,-0.0474,-0.2434,1.1572,-38.9935,-34.9430,28.3465
8360,-0.0682,-0.2238,1.1975,-49.5274,-42.4320,24.4900
8370,-0.0551,-0.2465,1.2502,-55.6314,-51.9168,25.6552
8380,-0.0871,-0.1974,1.2208,-56.4276,-60.1663,22.7055
8390,-0.1205,-0.1581,1.1730,-62.3227,-65.5295,24.6516
8400,-0.1637,-0.1224,1.1884,-65.3056,-78.3573,20.2577
8410,-0.1359,-0.1197,1.1503,-68.4541,-78.6813,23.4768
8420,-0.2034,-0.1068,1.0771,-68.1124,-84.2520,14.6348
8430,-0.2266,-0.0958,1.0164,-74.4105,-87.6667,15.7461
8440,-0.2619,-0.0876,0.9780,-69.7267,-91.7359,22.2408
8450,-0.3072,-0.0547,0.9339,-72.3590,-88.9324,17.6668
8460,-0.3230,-0.0126,0.8519,-66.8313,-87.0776,14.0667
8470,-0.2989,-0.0148,0.8088,-62.0124,-85.0582,18.8919
8480,-0.3024,0.0433,0.7604,-62.9413,-83.6536,15.0911
8490,-0.3112,0.0260,0.7316,-54.3829,-77.7903,13.8409
8500,-0.3171,0.0324,0.7117,-49.1532,-70.8940,9.0481
8510,-0.3030,0.0662,0.7418,-42.4712,-62.3032,9.6453
8520,-0.2552,0.0689,0.7499,-34.8757,-56.0313,7.9344
8530,-0.2448,0.0889,0.7830,-29.4081,-49.6601,1.9809
8540,-0.1506,0.1529,0.8582,-19.6574,-38.8027,4.6937
8550,-0.0962,0.1358,0.9063,-7.4051,-28.0031,1.3913
8560,-0.0049,0.1510,0.9809,2.8274,-15.9339,2.5339
8570,0.0096,0.1728,0.9922,8.7034,-6.5255,0.9440
8580,0.0409,0.1747,1.0990,16.4593,8.0400,-4.8388
8590,0.0882,0.1362,1.1264,32.0567,15.9128,-6.3525
8600,0.0888,0.1666,1.1647,37.6717,26.5048,-6.3643
8610,0.2035,0.1363,1.1989,45.1944,41.2199,-7.3633
8620,0.2559,0.1151,1.2536,49.5703,49.7702,-11.2163
8630,0.3118,0.1090,1.2429,56.1141,58.9660,-12.0918
8640,0.3313,0.0541,1.1938,62.7212,63.4215,-12.0987
8650,0.3497,0.0465,1.1518,64.4647,76.0133,-13.9607
8660,0.3528,0.0363,1.1248,72.7141,80.7159,-13.9633
8670,0.3632,0.0284,1.0623,71.5240,84.6919,-17.1094
8680,0.3743,-0.0120,1.0526,72.6776,88.5397,-20.4812
8690,0.3128,-0.0313,0.9289,69.5825,89.9014,-23.4252
8700,0.3079,-0.0345,0.8602,68.4104,88.6549,-19.2735
8710,0.2674,-0.0509,0.8352,66.0994,92.8719,-22.6377
8720,0.2998,-0.0909,0.7891,64.1683,85.5120,-23.6905
8730,0.2653,-0.1051,0.7568,58.2569,84.2626,-24.4221
8740,0.2245,-0.1622,0.7489,52.1512,80.3305,-27.8197
8750,0.1598,-0.1791,0.7718,47.3958,69.7863,-25.9849
8760,0.1582,-0.1867,0.7361,39.4724,63.0958,-31.0760
8770,0.1201,-0.2179,0.7651,32.7020,51.2768,-27.0715
8780,0.1012,-0.2362,0.7861,20.4071,44.6828,-28.4026
8790,0.0734,-0.2037,0.8803,9.8162,31.5587,-23.0131
8800,0.0669,-0.2484,0.9530,2.6862,19.1758,-25.9445
8810,0.0264,-0.2684,1.0022,-4.7251,11.0600,-27.2642
8820,0.0339,-0.2402,1.0876,-16.9662,-0.1635,-26.3671
8830,0.0028,-0.2112,1.1201,-24.3826,-14.7744,-24.9697
8840,-0.0283,-0.2408,1.1985,-33.7754,-22.2762,-27.6520
8850,-0.0469,-0.2089,1.2115,-40.4730,-35.4361,-26.0931
8860,-0.0751,-0.2313,1.2034,-47.6060,-40.3543,-25.8108
8870,-0.0749,-0.2179,1.2170,-56.1961,-51.8517,-19.3240
8880,-0.1219,-0.2057,1.1886,-60.3999,-64.4887,-23.5264
8890,-0.1381,-0.1758,1.1587,-62.6732,-71.5122,-26.8489
8900,-0.1796,-0.1157,1.1602,-65.8512,-78.9831,-20.2606
8910,-0.2271,-0.1552,1.1273,-68.4653,-81.8033,-15.6651
8920,-0.2066,-0.0759,1.0919,-70.0255,-85.9470,-21.8293
8930,-0.2731,-0.1027,0.9855,-72.6738,-87.3947,-11.4722
8940,-0.2590,-0.0641,0.9243,-71.9450,-89.7310,-17.5765
8950,-0.2821,-0.0181,0.8486,-67.5137,-92.5449,-14.1002
8960,-0.3370,0.0040,0.8355,-68.4550,-89.6005,-15.8508
8970,-0.3285,0.0192,0.7849,-62.5468,-82.6369,-13.9266
8980,-0.3191,0.0041,0.7350,-61.0048,-78.8044,-14.3841
8990,-0.3175,0.0645,0.7462,-52.7121,-76.2805,-12.6156
9000,-0.3065,0.0588,0.7435,-46.0521,-68.9299,-13.1227
9010,-0.2372,0.1518,0.7156,-38.1609,-59.6097,-4.4513
9020,-0.2159,0.1138,0.8076,-25.1849,-48.7723,-7.2409
9030,-0.1615,0.1339,0.8416,-19.3137,-42.3355,-2.4740
9040,-0.1265,0.1171,0.8903,-9.1765,-26.3251,-0.7688
9050,-0.0583,0.1368,0.9517,0.1551,-18.2426,-1.0699
9060,-0.0234,0.1238,1.0581,8.3052,-5.4035,2.0711
9070,0.0545,0.1690,1.1208,22.4842,2.1830,3.6724
9080,0.1163,0.1411,1.1739,26.3639,17.4808,4.3449
9090,0.1627,0.1507,1.1609,36.5096,31.4313,7.2558
9100,0.2007,0.1162,1.2002,41.0437,35.0258,8.8743
9110,0.2350,0.1060,1.2471,50.2281,53.0888,8.4352
9120,0.2953,0.1262,1.2023,56.5420,60.1849,9.4331
9130,0.3245,0.0644,1.1953,61.3523,65.4996,11.7701
9140,0.3318,0.0276,1.1411,64.9807,71.0320,15.2426
9150,0.3326,0.0489,1.1669,69.5825,82.4078,19.3054
9160,0.3609,-0.0051,1.0964,74.2387,85.1863,20.8062
9170,0.3940,-0.0162,1.0215,71.6668,89.0654,19.7199
9180,0.3267,-0.0129,0.9566,71.2599,89.0819,22.1470
9190,0.3252,-0.0684,0.8930,69.5865,88.4738,21.3631
9200,0.3030,-0.0613,0.8331,72.6825,90.7223,24.4813
9210,0.2177,-0.1184,0.8037,67.0567,84.7379,23.4490
9220,0.2440,-0.0989,0.7420,60.2712,84.4591,24.8401
9230,0.1991,-0.1247,0.7600,54.9320,74.4236,24.1873
9240,0.2105,-0.1831,0.7206,45.1418,68.9521,25.4525
9250,0.1515,-0.1960,0.7241,39.2650,60.7036,29.8961
9260,0.1166,-0.2241,0.7918,32.5879,57.9847,23.9221
9270,0.1038,-0.2175,0.8011,24.2141,42.9637,26.7342
9280,0.0869,-0.2110,0.8700,12.7649,33.1126,25.7591
9290,0.0537,-0.2705,0.9021,4.9578,27.0947,29.0713
9300,0.0422,-0.2293,0.9332,-2.3949,14.2024,30.8576
9310,-0.0019,-0.2764,1.0483,-11.3277,7.2736,26.3807
9320,0.0034,-0.2665,1.0642,-24.1239,-3.7078,21.1263
9330,0.0022,-0.2810,1.1697,-29.1516,-18.3420,27.7977
9340,0.0059,-0.1962,1.1575,-34.7916,-28.9785,27.3981
9350,-0.0387,-0.2284,1.1768,-45.2456,-43.1220,22.1955
9360,-0.0698,-0.2126,1.2345,-50.1289,-50.8632,24.5975
9370,-0.0784,-0.2148,1.2355,-59.8956,-59.5012,24.2109
9380,-0.1108,-0.1606,1.2093,-60.9060,-67.9930,18.6925
9390,-0.1247,-0.2048,1.1512,-68.6003,-76.9730,24.0041
9400,-0.1655,-0.1399,1.1467,-71.9277,-82.0612,22.5025
9410,-0.2188,-0.0719,1.0417,-72.0167,-86.5805,20.9542
9420,-0.2363,-0.1007,1.0041,-67.4017,-85.8574,17.1714
9430,-0.2622,-0.0672,0.9332,-72.8074,-88.8395,16.6295
9440,-0.2794,-0.0290,0.8809,-72.5159,-90.5718,15.4952
9450,-0.2955,-0.0348,0.8527,-66.5949,-89.4087,16.4908
9460,-0.3237,0.0055,0.7783,-63.5224,-85.9732,12.0957
9470,-0.3521,0.0480,0.7674,-56.0325,-84.0568,15.6786
9480,-0.3176,0.0551,0.7493,-56.1593,-78.1167,11.9001
9490,-0.3315,0.0786,0.6959,-50.6579,-74.8924,5.1053
9500,-0.2685,0.0826,0.7160,-41.2445,-63.1871,11.5561
9510,-0.2370,0.1141,0.7589,-31.3925,-53.4633,6.6127
9520,-0.2319,0.1233,0.7945,-22.9569,-45.1080,3.4523
9530,-0.1366,0.1634,0.8666,-12.1941,-34.0836,3.0046
9540,-0.0778,0.1577,0.8860,-7.4301,-22.5872,-2.8486
9550,-0.0363,0.1434,1.0043,3.3465,-7.7760,-0.4447
9560,0.0616,0.1010,1.0774,15.2688,2.0287,-7.9368
9570,0.1181,0.1625,1.1118,25.3003,9.6380,-6.5295
9580,0.1142,0.1579,1.1383,33.4409,21.9451,-3.3655
9590,0.2083,0.1165,1.2010,39.2822,35.7326,-5.1533
9600,0.2479,0.0820,1.2143,46.2777,48.0094,-10.3223
9610,0.2900,0.0828,1.2404,57.1061,57.9775,-13.3921
9620,0.3257,0.1100,1.2172,61.7925,65.2122,-10.7287
9630,0.3138,0.0529,1.2102,69.4550,70.9023,-14.1278
9640,0.3318,0.0432,1.1463,67.5261,74.4513,-15.0744
9650,0.3335,0.0330,1.1305,73.6298,81.3921,-15.6487
9660,0.3326,0.0280,0.9938,69.3868,83.2460,-20.5408
9670,0.3364,-0.0212,0.9577,70.7698,88.2967,-17.8547
9680,0.2933,-0.0488,0.9236,69.3958,87.3744,-25.0665
9690,0.2798,-0.0842,0.8228,67.4593,89.5725,-18.7249
9700,0.2881,-0.0652,0.8185,63.3282,87.0641,-25.9773
9710,0.2461,-0.1023,0.7383,59.2131,79.9368,-24.9484
9720,0.2323,-0.1443,0.7438,55.8095,81.2191,-25.6659
9730,0.1572,-0.1929,0.7120,48.5870,75.1061,-23.4746
9740,0.1539,-0.1988,0.7254,44.4208,64.5416,-23.9726
9750,0.1299,-0.1903,0.7589,34.8005,58.7990,-25.2964
9760,0.1172,-0.2312,0.7869,26.9536,51.0379,-25.2840
9770,0.0832,-0.2107,0.8239,21.8852,40.0222,-25.6947
9780,0.0913,-0.2314,0.9310,10.4955,31.5157,-26.9992
9790,0.0527,-0.2392,0.9443,1.8213,20.1603,-30.8900
9800,0.0362,-0.2358,0.9829,-6.8998,11.5144,-31.6847
9810,0.0196,-0.2400,1.0746,-14.5664,-0.0708,-31.5653
9820,0.0145,-0.2654,1.1292,-22.2675,-11.9977,-26.6490
9830,-0.0294,-0.2498,1.1875,-33.6366,-22.2254,-26.6781
9840,-0.0200,-0.1877,1.2378,-38.2637,-33.2702,-26.0156
9850,-0.0553,-0.2476,1.2047,-44.4976,-44.3163,-24.7155
9860,-0.0876,-0.2179,1.2510,-52.2184,-55.8402,-24.9688
9870,-0.1157,-0.1705,1.2420,-60.9291,-65.0062,-25.8077
9880,-0.1332,-0.1763,1.1939,-67.5900,-71.6522,-26.0176
9890,-0.1527,-0.1677,1.1578,-68.9856,-78.6864,-25.8606
9900,-0.1846,-0.1535,1.0379,-70.3838,-82.6728,-18.2521
9910,-0.2223,-0.0933,1.0296,-70.2422,-86.3516,-17.8099
9920,-0.2369,-0.0595,1.0158,-72.3267,-89.1722,-21.3575
9930,-0.2736,-0.0272,0.8830,-71.5673,-89.9960,-17.8581
9940,-0.2684,-0.0289,0.8493,-65.8547,-89.2392,-15.0259
9950,-0.3050,0.0140,0.8183,-67.2001,-84.8998,-11.3255
9960,-0.3517,-0.0015,0.7803,-59.2398,-82.1595,-14.3382
9970,-0.2811,0.0448,0.7754,-54.5123,-81.1857,-11.2600
9980,-0.2948,0.0502,0.6952,-52.5717,-73.2426,-7.6012
9990,-0.3029,0.0857,0.7346,-42.9981,-68.1824,-12.1564
10000,-0.2559,0.1155,0.7702,-36.8759,-59.5050,-8.3909
10010,-0.2338,0.1376,0.7612,-29.2654,-50.5414,-5.2389
10020,-0.1338,0.1087,0.8306,-22.7613,-41.8438,-5.0452
10030,-0.1101,0.1651,0.9332,-11.9118,-31.1565,2.8311
10040,-0.0971,0.1368,0.9849,1.2633,-22.0263,1.9759
10050,0.0087,0.1292,1.0407,9.9766,-4.0958,2.5079
10060,0.0505,0.1459,1.0413,20.7729,9.9572,1.9059
10070,0.1492,0.1166,1.1403,26.2156,16.5277,7.3047
10080,0.1408,0.1395,1.1916,35.5035,29.8217,8.4157
10090,0.1667,0.1353,1.2080,43.3644,38.9104,7.6961
10100,0.2554,0.1130,1.2273,47.7017,50.0496,9.4590
10110,0.2825,0.1125,1.2890,53.4894,57.0163,8.8636
10120,0.3081,0.0784,1.2067,62.6005,66.0495,13.2228
10130,0.2908,0.0681,1.1658,65.6367,72.4055,16.4362
10140,0.3544,0.0185,1.1489,66.7278,74.0191,18.0918
10150,0.3835,0.0296,1.0955,70.2440,83.1200,18.3183
10160,0.3097,-0.0127,1.0357,73.0372,86.3160,20.1464
10170,0.3629,-0.0278,0.9816,75.4620,84.0760,18.3324
10180,0.3141,-0.0443,0.9400,69.2612,91.1500,19.6515
10190,0.3531,-0.0632,0.8714,70.2388,89.5693,24.1883
10200,0.2908,-0.1254,0.7897,70.0172,88.3074,23.6079
10210,0.2551,-0.1451,0.7740,62.3717,85.9434,21.7922
10220,0.2572,-0.1400,0.7596,60.8562,80.8402,25.1925
10230,0.2198,-0.1448,0.7244,47.6416,74.6915,26.5412
10240,0.1739,-0.1644,0.7531,50.1097,70.5549,26.8171
10250,0.1747,-0.1713,0.7545,40.6526,63.7758,26.0710
10260,0.1210,-0.1820,0.7472,28.2105,59.4056,25.2692
10270,0.0732,-0.2111,0.8089,25.7942,50.1468,27.4902
10280,0.1258,-0.2336,0.8944,17.1797,35.0898,30.4420
10290,0.0594,-0.2617,0.9371,9.5340,25.7953,27.3286
10300,0.0338,-0.2660,0.9680,0.2656,15.9673,25.6583
10310,0.0342,-0.2591,1.0479,-10.9207,5.4879,27.6866
10320,-0.0226,-0.2441,1.0756,-21.1237,-8.1909,24.2260
10330,-0.0386,-0.2413,1.1148,-29.4664,-20.4843,26.9752
10340,-0.0446,-0.2378,1.2015,-37.7764,-27.1914,25.4137
10350,-0.0671,-0.2306,1.2226,-44.4167,-39.3962,27.5153
10360,-0.0790,-0.2019,1.2398,-52.8909,-54.2288,25.1114
10370,-0.0812,-0.1961,1.2259,-57.2775,-62.8602,26.4313
10380,-0.1410,-0.1757,1.2134,-60.8727,-69.3968,28.1982
10390,-0.1489,-0.1560,1.1641,-65.8657,-74.1396,22.0674
10400,-0.1768,-0.1500,1.1353,-65.1140,-79.5805,19.7280
10410,-0.2382,-0.1366,1.0876,-67.1610,-85.6748,21.3558
10420,-0.2416,-0.0786,1.0004,-74.3082,-91.5106,18.8934
10430,-0.2847,-0.0591,0.9650,-72.7147,-89.2864,18.3320
10440,-0.2638,-0.0473,0.8540,-72.6402,-88.8309,15.5119
10450,-0.2916,-0.0245,0.8150,-69.4728,-88.7613,16.4630
10460,-0.3083,0.0532,0.8155,-62.4449,-87.2049,14.0607
10470,-0.3368,0.0145,0.7902,-61.0280,-81.4885,8.0274
10480,-0.3017,0.0472,0.7403,-55.6302,-77.6908,10.5404
10490,-0.3072,0.0755,0.7280,-48.3941,-74.1684,10.3316
10500,-0.2559,0.0664,0.7138,-39.0975,-64.3905,10.4712
10510,-0.2360,0.1117,0.7771,-32.0210,-56.9804,4.8582
10520,-0.2073,0.1603,0.8299,-22.8666,-42.2866,2.5726
10530,-0.1312,0.1531,0.8316,-12.3837,-33.9890,5.1014
10540,-0.0886,0.1548,0.9266,-4.9273,-26.9154,-0.1353
10550,-0.0628,0.1593,0.9853,3.7912,-13.8935,-0.2894
10560,0.0328,0.1522,1.0515,14.4627,0.2790,-1.3535
10570,0.0563,0.1683,1.0748,18.8319,4.2379,-2.3767
10580,0.1082,0.1424,1.1568,29.2596,18.6904,-5.4729
10590,0.1727,0.1296,1.1597,36.1746,33.7892,-9.5676
10600,0.2055,0.1293,1.2481,47.3307,38.6233,-6.8790
10610,0.2516,0.1328,1.2322,53.3792,50.7071,-11.4188
10620,0.2885,0.1072,1.2033,55.0942,56.3889,-13.0039
10630,0.3464,0.0987,1.2385,64.2345,66.1222,-9.0621
10640,0.3646,0.0263,1.2061,63.2772,68.3147,-12.7786
10650,0.3398,0.0733,1.1357,70.5763,74.8637,-17.9623
10660,0.3824,0.0723,1.1383,71.0860,82.2279,-18.1813
10670,0.3467,0.0296,1.0183,70.0626,86.9989,-18.9007
10680,0.3451,-0.0290,0.9800,69.6019,89.8291,-21.1948
10690,0.3366,-0.0684,0.9265,69.8068,90.7667,-24.9044
10700,0.3014,-0.0732,0.7958,67.6677,91.2446,-20.3708
10710,0.3213,-0.1209,0.8178,63.1085,88.3117,-21.2761
10720,0.2490,-0.1120,0.7575,60.7619,84.5246,-23.2874
10730,0.1894,-0.1616,0.7352,50.8355,75.6762,-25.4423
10740,0.2130,-0.1516,0.7085,47.5383,71.3749,-24.7754
10750,0.1534,-0.1612,0.7449,40.9752,71.1208,-24.4014
10760,0.1296,-0.2459,0.7393,29.6237,61.0886,-28.3445
10770,0.0543,-0.2123,0.7737,26.7312,50.2908,-27.1833
10780,0.1086,-0.2456,0.8375,13.9957,39.0512,-27.9397
10790,0.0876,-0.2674,0.8673,4.3734,31.0529,-25.4568
10800,0.0688,-0.2577,0.9788,-0.1449,18.4030,-26.4164
10810,0.0535,-0.2535,0.9821,-8.2261,12.0985,-29.6174
10820,0.0492,-0.2292,1.0533,-14.7483,-3.5646,-28.0617
10830,-0.0048,-0.2779,1.1182,-26.2523,-14.3902,-22.8631
10840,-0.0054,-0.2208,1.1716,-30.8203,-21.2277,-28.1810
10850,-0.0596,-0.1931,1.2209,-38.4742,-40.0127,-25.4029
10860,-0.0765,-0.2089,1.2425,-46.8295,-46.1645,-26.4071
10870,-0.0684,-0.1981,1.2238,-51.6080,-57.9982,-21.9663
10880,-0.1075,-0.1929,1.2124,-59.0438,-64.4419,-23.9385
10890,-0.1676,-0.1985,1.1976,-65.1756,-70.4860,-23.9198
10900,-0.1621,-0.1436,1.1752,-66.4593,-77.5572,-24.5132
10910,-0.2016,-0.1240,1.1227,-68.4111,-81.8804,-21.5492
10920,-0.2398,-0.0952,1.0454,-71.2011,-87.4431,-18.3046
10930,-0.2391,-0.0353,0.9561,-72.5343,-88.7331,-17.5156
10940,-0.2801,-0.0457,0.9737,-74.3525,-92.2746,-20.3280
10950,-0.3222,-0.0259,0.8889,-67.9617,-90.5472,-12.9942
10960,-0.3252,0.0204,0.8254,-65.7683,-91.0477,-15.4304
10970,-0.2747,-0.0096,0.7783,-64.2687,-83.5266,-15.4236
10980,-0.3372,0.0216,0.7298,-55.3124,-81.9414,-11.1919
10990,-0.2927,0.0559,0.7105,-48.6533,-72.8322,-11.3723
11000,-0.2656,0.0705,0.7280,-43.2332,-67.8505,-9.6528
11010,-0.2314,0.1183,0.7554,-32.3081,-57.8447,-7.8094
11020,-0.2298,0.1136,0.7864,-23.6023,-45.1637,-4.9258
11030,-0.1673,0.1668,0.8193,-19.1882,-37.1333,-4.0678
11040,-0.1097,0.1713,0.8982,-8.0994,-30.6987,-4.9120
11050,-0.0456,0.1620,0.9749,2.0951,-15.4830,1.3341
11060,-0.0198,0.1419,1.0150,11.8090,-11.1582,0.8381
11070,0.0239,0.1620,1.0825,21.2559,5.8957,6.0079
11080,0.1260,0.1625,1.0971,23.7604,16.4536,6.4122
11090,0.1793,0.1188,1.1763,35.2809,25.0756,8.1800
11100,0.2117,0.1382,1.2080,44.1419,38.1375,8.8487
11110,0.2315,0.1346,1.2018,51.4356,46.3773,12.5969
11120,0.2888,0.1104,1.1946,58.5426,60.1574,10.7885
11130,0.3107,0.1219,1.2261,58.3650,63.1287,10.8175
11140,0.3471,0.0961,1.1755,63.8786,75.1522,15.0315
11150,0.3201,0.0327,1.1579,66.2287,80.8257,10.2129
11160,0.3525,0.0285,1.0869,72.2641,81.9880,16.4589
11170,0.3439,-0.0155,1.0465,69.2009,85.3269,18.9884
11180,0.3145,-0.0125,0.9631,74.0986,91.7968,18.9128
11190,0.3248,-0.0667,0.8776,72.4014,89.6703,23.4954
11200,0.3005,-0.0557,0.8493,69.2242,89.5986,23.3692
11210,0.2678,-0.0905,0.7964,60.6839,86.7796,23.0793
11220,0.2555,-0.1042,0.7758,58.9515,81.2296,22.9267
11230,0.1937,-0.1473,0.7312,56.8726,78.5423,26.7183
11240,0.1898,-0.1971,0.7221,45.6934,70.7234,23.7891
11250,0.1719,-0.1520,0.7545,40.9521,62.3446,24.8974
11260,0.1442,-0.2069,0.7815,33.9920,57.0553,27.7378
11270,0.1362,-0.1903,0.8073,28.0768,52.4328,27.7767
11280,0.0688,-0.2209,0.8570,18.7446,42.7976,31.0037
11290,0.0409,-0.2258,0.9015,9.7409,28.8932,26.5147
11300,0.0568,-0.2090,0.9652,-0.1765,19.0130,23.1305
11310,0.0401,-0.2427,1.0357,-9.1420,7.5574,28.3265
11320,0.0557,-0.2218,1.0829,-17.7525,-1.3601,29.4142
11330,0.0101,-0.2775,1.1213,-23.1352,-12.6448,26.2697
11340,-0.0383,-0.2256,1.1676,-32.7504,-24.6441,29.5084
11350,-0.0220,-0.2412,1.2440,-36.9535,-33.4932,29.6009
11360,-0.0770,-0.2285,1.2207,-49.6123,-40.6869,24.0187
11370,-0.1156,-0.2111,1.2253,-50.9593,-48.1164,23.7145
11380,-0.0606,-0.1873,1.2144,-59.5853,-63.6307,21.3454
11390,-0.1304,-0.1447,1.2006,-61.2413,-73.3456,24.3130
11400,-0.1489,-0.1959,1.1729,-66.8810,-73.9521,23.8185
11410,-0.1841,-0.1329,1.0910,-68.4443,-81.9421,22.4371
11420,-0.1873,-0.1240,1.0158,-68.7278,-85.6782,17.5165
11430,-0.2435,-0.0620,0.9996,-73.1395,-86.1854,17.3122
11440,-0.2492,-0.0667,0.8939,-70.9996,-89.8477,14.5745
11450,-0.3150,-0.0191,0.8614,-68.9904,-92.1641,12.6103
11460,-0.3343,-0.0089,0.8043,-64.5600,-91.2206,11.6099
11470,-0.2817,0.0365,0.7863,-63.7001,-83.9113,9.6450
11480,-0.2766,0.0669,0.7720,-55.2923,-81.1797,10.9747
11490,-0.2829,0.0608,0.7374,-48.8453,-71.9022,10.5860
11500,-0.2688,0.0881,0.7261,-43.1933,-68.1270,9.4792
11510,-0.2440,0.0745,0.7336,-34.9996,-58.7751,6.6532
11520,-0.2252,0.1240,0.7766,-29.4387,-51.8813,3.6460
11530,-0.1414,0.1465,0.8363,-15.6815,-40.5855,3.4614
11540,-0.1113,0.1279,0.8491,-8.7350,-30.3735,2.9782
11550,-0.0615,0.1682,0.9533,3.1932,-17.3222,-0.5170
11560,0.0017,0.1082,1.0258,8.4416,-2.5434,-1.8082
11570,0.0678,0.1126,1.0947,16.1226,4.9524,-4.1226
11580,0.1121,0.1189,1.1282,27.4801,14.7100,-6.2309
11590,0.1693,0.1309,1.1804,31.6762,31.1453,-6.7125
11600,0.1816,0.1315,1.1961,43.2789,38.8605,-10.7684
11610,0.2616,0.1163,1.2189,48.8935,50.0623,-8.0227
11620,0.3297,0.1022,1.1928,55.4551,58.8031,-14.9030
11630,0.3023,0.1020,1.2169,61.5068,68.1920,-12.1397
11640,0.3287,0.0614,1.2211,64.8891,73.6633,-17.1682
11650,0.3619,0.0263,1.1564,71.6676,78.8340,-12.5529
11660,0.3692,0.0033,1.1078,71.7244,84.3176,-15.2811
11670,0.3604,0.0466,1.0224,69.1749,84.8424,-20.0294
11680,0.3074,-0.0652,1.0136,73.8105,87.5848,-20.3957
11690,0.3355,-0.0459,0.9091,68.3416,89.6693,-22.8974
11700,0.2820,-0.0384,0.8815,69.1357,89.7842,-21.7531
11710,0.2646,-0.0837,0.8140,63.2455,87.8396,-21.7946
11720,0.2670,-0.1330,0.7536,60.1058,85.4571,-18.2172
11730,0.2229,-0.1390,0.7655,59.3338,80.5799,-27.0714
11740,0.2208,-0.1405,0.7325,50.5630,74.9089,-22.3034
11750,0.2422,-0.1521,0.7347,44.3500,66.5056,-26.6190
11760,0.1643,-0.2149,0.7568,36.1869,62.6792,-25.4331
11770,0.1421,-0.1950,0.7714,30.1031,55.0060,-24.5333
11780,0.0864,-0.2186,0.8040,25.3997,42.8851,-25.5368
11790,0.0688,-0.2128,0.8731,11.3205,35.3054,-26.0053
11800,0.0402,-0.2150,0.9126,2.5085,24.7288,-27.3889
11810,0.0324,-0.2546,0.9802,-2.3640,13.7447,-27.0094
11820,0.0022,-0.2789,1.0274,-15.6050,-1.2720,-26.5847
11830,-0.0080,-0.2411,1.0694,-21.9652,-11.2995,-24.2324
11840,-0.0182,-0.2095,1.1363,-27.4116,-21.1757,-29.4190
11850,-0.0513,-0.2255,1.1749,-36.4803,-26.0045,-27.0690
11860,-0.0809,-0.2251,1.2141,-44.8458,-41.2613,-28.1334
11870,-0.1012,-0.1702,1.2516,-51.6768,-49.4187,-26.9998
11880,-0.0886,-0.2248,1.1946,-57.9124,-59.6687,-26.0032
11890,-0.1232,-0.1685,1.2158,-62.5821,-66.8095,-21.3078
11900,-0.1329,-0.1775,1.1374,-65.5784,-72.6601,-18.2343
11910,-0.1628,-0.1422,1.1141,-66.7292,-83.8308,-18.8182
11920,-0.2173,-0.1194,1.0736,-69.2099,-89.8226,-23.0278
11930,-0.2256,-0.0651,0.9742,-73.1712,-86.3815,-19.2118
11940,-0.2939,-0.0870,0.9137,-73.1072,-89.6051,-20.3645
11950,-0.2408,-0.0516,0.8878,-68.5537,-91.1662,-15.6948
11960,-0.2781,-0.0451,0.8263,-70.4026,-86.5805,-12.4716
11970,-0.3136,0.0206,0.7790,-63.8195,-83.8437,-12.4589
11980,-0.3327,0.0248,0.7341,-58.7747,-85.9246,-10.4086
11990,-0.2934,0.0659,0.7754,-54.1208,-76.2986,-10.8635
12000,-0.3242,0.0542,0.7277,-47.9840,-67.8717,-13.2029
12010,-0.2780,0.0872,0.7273,-37.8929,-63.6473,-11.5889
12020,-0.2170,0.1308,0.8050,-34.2652,-54.6843,-6.1425
12030,-0.1928,0.1199,0.8231,-24.6630,-42.9922,-3.1420
12040,-0.1655,0.1457,0.8469,-16.6260,-36.7394,-0.2632
12050,-0.0906,0.1518,0.9316,-6.8851,-28.7473,-2.0201
12060,-0.0770,0.1400,0.9726,-0.7348,-16.7511,0.5424
12070,0.0092,0.1187,1.0491,13.7535,-5.9932,2.7287
12080,0.0544,0.1687,1.1041,20.4908,9.9471,6.2058
12090,0.1021,0.1484,1.1294,28.9876,16.4802,5.5347
12100,0.1795,0.1577,1.2091,36.6597,32.6069,5.0498
12110,0.1948,0.0885,1.2188,42.9838,37.0150,11.0363
12120,0.2957,0.0826,1.2090,49.3297,50.4570,11.2921
12130,0.2799,0.0578,1.2114,59.3393,56.2149,12.7456
12140,0.3595,0.0645,1.2265,62.7221,66.9049,10.9133
12150,0.3180,0.0801,1.1614,66.5796,77.3673,15.1483
12160,0.3609,0.0488,1.1232,71.5568,83.1236,13.0004
12170,0.3260,0.0164,1.0868,69.7485,87.3416,13.5647
12180,0.3182,-0.0028,1.0199,73.0961,87.5016,18.3639
12190,0.3382,-0.0121,0.9314,71.6516,89.5787,19.0008
12200,0.3336,-0.0560,0.9190,68.6854,90.4118,22.0665
12210,0.2711,-0.0697,0.8624,69.2843,90.3162,24.9962
12220,0.2950,-0.0999,0.8124,61.2294,85.9736,22.9159
12230,0.2317,-0.1674,0.7950,61.4998,85.8290,27.4068
12240,0.2207,-0.1552,0.7452,52.7666,79.1843,23.3238
12250,0.1947,-0.1434,0.7456,48.3326,74.0243,26.8192
12260,0.1724,-0.1971,0.7707,43.3216,65.5492,23.1841
12270,0.0998,-0.2081,0.7555,34.3869,58.0654,26.4772
12280,0.1443,-0.2316,0.8319,24.0487,46.3069,25.9129
12290,0.0997,-0.2413,0.8812,16.3332,36.7689,26.3890
12300,0.0577,-0.2186,0.9220,6.2921,23.9264,28.1752
12310,0.0240,-0.2527,1.0107,-5.1828,13.8815,23.1218
12320,-0.0102,-0.2704,1.0592,-14.9103,1.7833,27.1328
12330,-0.0243,-0.3109,1.0880,-22.2446,-8.5480,25.0006
12340,-0.0078,-0.2551,1.1830,-30.5685,-25.0531,26.5516
12350,-0.0472,-0.2747,1.2058,-43.3699,-27.3658,26.6603
12360,-0.0825,-0.2625,1.2285,-46.4083,-43.0588,24.6227
12370,-0.0938,-0.1969,1.2330,-51.7724,-49.7914,23.9995
12380,-0.0780,-0.1824,1.2508,-58.4333,-59.2077,21.6538
12390,-0.1420,-0.2173,1.2140,-65.2937,-73.8885,24.3530
12400,-0.1770,-0.1402,1.1509,-65.3544,-76.5464,20.8648
12410,-0.1657,-0.1267,1.1283,-72.4241,-78.3858,22.1830
12420,-0.2091,-0.1300,1.0815,-70.3028,-90.1199,17.3411
12430,-0.2464,-0.0726,0.9841,-69.0068,-86.9408,21.7778
12440,-0.2835,-0.0935,0.9241,-75.4255,-91.7484,15.5614
12450,-0.3211,-0.0595,0.8646,-68.9969,-90.7475,18.6920
12460,-0.3272,-0.0375,0.8038,-65.6476,-87.6697,13.9101
12470,-0.3197,-0.0048,0.7782,-61.3284,-88.5107,14.3791
12480,-0.3123,0.0587,0.7634,-57.9750,-79.7755,11.4201
12490,-0.2932,0.0320,0.7697,-52.2628,-76.9117,11.8649
12500,-0.2735,0.0548,0.7556,-48.0627,-70.7853,8.9831
12510,-0.2563,0.0764,0.7663,-37.9504,-60.4300,10.0222
12520,-0.2268,0.1142,0.7950,-29.8357,-46.8409,7.2799
12530,-0.2116,0.1175,0.8407,-23.6611,-43.5474,5.6071
12540,-0.1843,0.1533,0.8635,-14.5690,-31.9554,5.7916
12550,-0.1026,0.1293,0.9419,-5.0443,-22.8321,-0.6935
12560,-0.0618,0.1222,0.9913,4.0937,-14.0945,1.8651
12570,0.0095,0.1399,1.0539,14.6351,0.9623,-2.6242
12580,0.0712,0.1491,1.1023,22.7209,14.3544,-7.4260
12590,0.1011,0.1256,1.1457,30.6226,21.7198,-4.9124
12600,0.1561,0.1421,1.1898,35.9794,34.1098,-7.9856
12610,0.2242,0.1619,1.1959,40.7279,42.4803,-5.7712
12620,0.2666,0.1014,1.2403,53.5023,57.0287,-11.7294
12630,0.2862,0.0970,1.2230,61.1798,58.0051,-12.2498
12640,0.3334,0.1057,1.2049,60.2235,69.9588,-13.2967
12650,0.3350,0.0470,1.1773,65.2784,76.1393,-19.0144
12660,0.3283,0.0209,1.1381,70.0557,81.2799,-15.4574
12670,0.3504,-0.0087,1.0527,73.1423,83.0655,-19.9266
12680,0.3811,-0.0019,1.0044,73.0827,85.8110,-16.1738
12690,0.3168,-0.0251,0.9101,73.7498,89.2200,-16.8368
12700,0.3354,-0.0634,0.8380,69.4568,90.0219,-21.3446
12710,0.3115,-0.0901,0.7785,66.8146,85.6383,-25.7890
12720,0.2893,-0.0883,0.8080,62.9930,83.1517,-23.0060
12730,0.2121,-0.1222,0.7083,55.7316,81.6028,-23.9018
12740,0.2408,-0.1893,0.7406,52.9650,76.9045,-23.4786
12750,0.1753,-0.1813,0.7625,45.1065,66.9476,-26.1564
12760,0.1396,-0.1979,0.7425,37.8708,58.2812,-28.5138
12770,0.1132,-0.2021,0.8195,26.5032,48.6502,-26.7767
12780,0.1043,-0.2348,0.8746,19.8482,44.2783,-28.6836
12790,0.0713,-0.2530,0.9136,6.6475,29.5671,-23.3138
12800,0.0475,-0.2555,1.0003,0.8921,18.0659,-28.4509
12810,0.0583,-0.2854,1.0253,-13.6451,9.5028,-28.2926
12820,-0.0015,-0.2508,1.0612,-19.7546,0.3237,-26.8912
12830,-0.0279,-0.2593,1.1430,-25.3344,-13.6758,-29.0630
12840,-0.0134,-0.2312,1.1724,-36.7163,-31.0487,-27.0144
12850,-0.0373,-0.2514,1.1866,-43.2946,-39.1975,-25.8744
12860,-0.0545,-0.2262,1.2032,-54.2102,-50.4962,-25.9550
12870,-0.1259,-0.2199,1.2723,-54.6547,-60.4228,-24.6807
12880,-0.1098,-0.2036,1.1962,-61.5577,-70.2453,-20.8045
12890,-0.1463,-0.1509,1.1779,-66.3405,-74.7318,-21.6743
12900,-0.1462,-0.1548,1.1256,-68.2932,-81.4816,-24.4262
12910,-0.2313,-0.1165,1.0951,-70.3569,-82.8821,-21.6357
12920,-0.2322,-0.1209,1.0207,-69.3660,-87.3799,-17.9511
12930,-0.2648,-0.0735,0.9590,-71.5713,-92.2167,-19.6873
12940,-0.3139,-0.0817,0.8754,-73.4384,-93.4869,-16.7768
12950,-0.3126,-0.0313,0.8127,-68.4452,-90.0868,-15.5855
12960,-0.2860,-0.0039,0.7732,-61.2718,-85.0584,-12.8272
12970,-0.3191,0.0432,0.7581,-57.5164,-81.1172,-12.6771
12980,-0.3172,0.0571,0.7755,-53.7712,-77.0021,-11.0789
12990,-0.2704,0.0703,0.7520,-45.3061,-77.1143,-11.0004
13000,-0.2445,0.1092,0.7800,-38.9450,-63.8497,-6.8799
13010,-0.2126,0.1129,0.7811,-29.9714,-55.6388,-7.8551
13020,-0.2110,0.1331,0.8084,-26.2402,-45.7983,-0.8041
13030,-0.1514,0.1488,0.8344,-16.1808,-37.4786,-2.7218
13040,-0.0726,0.1412,0.9272,-3.0059,-23.8331,-1.2300
13050,-0.0594,0.1411,0.9382,3.0730,-14.7260,2.3111
13060,-0.0041,0.1556,1.0385,13.3628,3.5430,2.2495
13070,0.0798,0.1399,1.1312,24.6601,9.9912,4.1675
13080,0.1503,0.1519,1.1569,28.8061,19.5164,5.5723
13090,0.1513,0.1586,1.2154,38.3943,31.3571,5.9484
13100,0.1691,0.1433,1.2112,44.1548,41.4855,7.1535
13110,0.2352,0.1047,1.2027,51.0460,52.3302,9.2850
13120,0.2734,0.0730,1.2167,57.2076,58.8715,14.3813
13130,0.3193,0.0780,1.1970,59.8727,68.2630,12.3975
13140,0.3511,0.0576,1.1966,62.3278,76.8523,14.2190
13150,0.3457,0.0593,1.1637,72.1177,82.3780,15.5745
13160,0.3358,0.0060,1.0532,71.0014,85.7170,19.2529
13170,0.3484,-0.0097,1.0126,73.9673,90.2410,22.8720
13180,0.3154,-0.0141,0.9580,71.7543,89.8165,18.0284
13190,0.3165,-0.0638,0.8916,70.4044,87.9381,22.1703
13200,0.2801,-0.0856,0.8111,68.5432,85.2914,22.4317
13210,0.3207,-0.0733,0.7907,64.8449,84.8513,22.5087
13220,0.2555,-0.1018,0.7616,56.2599,82.1571,25.0095
13230,0.1975,-0.1389,0.7441,55.9846,78.5318,22.0261
13240,0.1630,-0.1692,0.7068,44.5275,72.8235,27.0481
13250,0.1431,-0.2152,0.7433,38.4825,60.8121,26.3981
13260,0.0934,-0.2008,0.7396,35.1170,51.6669,24.3220
13270,0.0882,-0.2242,0.8335,22.0059,45.4980,29.9381
13280,0.0686,-0.2306,0.8395,17.4866,37.4733,28.6053
13290,0.0787,-0.2542,0.9170,3.9607,22.7284,29.3652
13300,0.0287,-0.2499,0.9893,-5.1424,10.8844,23.9961
13310,0.0014,-0.2546,1.0514,-15.6893,1.0341,26.2835
13320,-0.0305,-0.2422,1.1032,-24.5146,-13.4713,25.5017
13330,-0.0478,-0.2142,1.1371,-35.6047,-25.7240,27.4837
13340,-0.0449,-0.2277,1.2388,-42.8521,-39.5852,28.5538
13350,-0.0729,-0.2553,1.2314,-48.2238,-43.8867,21.2595
13360,-0.0678,-0.2288,1.2357,-57.6188,-53.6716,24.6070
13370,-0.1284,-0.2248,1.2623,-61.6173,-63.0834,23.5690
13380,-0.1225,-0.1899,1.1924,-63.3643,-71.9483,25.0080
13390,-0.1686,-0.1406,1.1633,-69.5498,-80.3022,21.8733
13400,-0.2029,-0.1206,1.1003,-72.5169,-83.2229,18.2876
13410,-0.2709,-0.1161,1.0633,-74.1893,-87.0550,19.3422
13420,-0.2801,-0.0757,0.9912,-71.8234,-86.8541,16.4986
13430,-0.2592,-0.0737,0.9315,-71.9685,-92.4445,15.8960
13440,-0.2640,-0.0617,0.8610,-68.9391,-86.8412,16.2410
13450,-0.2996,-0.0380,0.8227,-66.6955,-88.0970,13.8607
13460,-0.2943,-0.0054,0.8023,-59.0962,-83.1556,14.1232
13470,-0.3176,0.0612,0.7095,-59.1362,-83.7521,9.1072
13480,-0.3098,0.0273,0.7314,-56.5586,-75.9756,15.4843
13490,-0.3029,0.0965,0.7226,-46.9430,-68.7302,11.9744
13500,-0.2504,0.1151,0.7339,-40.7613,-64.3227,9.4284
13510,-0.2376,0.0997,0.7208,-33.7293,-60.2650,3.8938
13520,-0.2121,0.1173,0.8119,-28.8129,-48.6841,0.4430
13530,-0.1692,0.1184,0.8301,-14.5436,-36.6911,1.3594
13540,-0.0942,0.1404,0.9088,-6.4629,-28.3015,0.6893
13550,-0.0518,0.1591,0.9578,1.4764,-18.6998,4.2343
13560,-0.0221,0.1489,0.9936,6.9957,-4.7123,0.7393
13570,0.0894,0.1683,1.0818,20.4898,5.0317,-4.8162
13580,0.1146,0.1686,1.1055,27.8170,19.3015,-2.9138
13590,0.1610,0.1454,1.1648,38.4599,26.2104,-4.4898
13600,0.2448,0.1341,1.2103,43.5179,36.7337,-8.8029
13610,0.2764,0.1141,1.2295,48.4889,48.3595,-7.8887
13620,0.2862,0.1085,1.2295,56.5916,61.1030,-11.1067
13630,0.3240,0.0638,1.2118,59.2082,63.7202,-14.4682
13640,0.3129,0.0743,1.2271,66.1726,72.8324,-17.0251
13650,0.3337,0.0485,1.1495,66.5318,79.5052,-16.3032
13660,0.3050,0.0070,1.0697,70.3170,81.4106,-15.2008
13670,0.3721,0.0452,1.0277,71.1876,88.8541,-21.1864
13680,0.2997,-0.0428,0.9619,71.6025,89.4115,-22.9626
13690,0.3347,-0.0669,0.9067,69.4699,90.8115,-19.7158
13700,0.2849,-0.0678,0.8435,66.7505,85.9872,-27.3824
13710,0.2564,-0.1380,0.7864,64.7126,83.7526,-19.0988
13720,0.2441,-0.1401,0.7967,59.0895,78.1394,-24.6231
13730,0.2293,-0.1744,0.7431,55.9482,79.2446,-22.8855
13740,0.2087,-0.1842,0.7244,49.1483,73.4579,-21.2453
13750,0.2033,-0.1879,0.7306,38.1668,68.1121,-28.6160
13760,0.1497,-0.1956,0.7501,35.1750,61.9359,-28.2567
13770,0.1393,-0.1928,0.8093,31.2824,51.0607,-21.8463
13780,0.0866,-0.2116,0.8337,20.8682,41.6105,-27.3020
13790,0.0897,-0.2149,0.9034,12.0949,32.1234,-27.1802
13800,0.0556,-0.2348,0.8866,1.6754,22.0737,-26.5349
13810,0.0273,-0.2592,1.0072,-7.5824,8.1495,-24.8117
13820,0.0118,-0.2286,1.0955,-20.0294,-2.5876,-24.0923
13830,-0.0049,-0.2584,1.1639,-23.7352,-14.5751,-26.3482
13840,-0.0211,-0.2549,1.1744,-32.1287,-26.6086,-26.8744
13850,-0.0401,-0.2024,1.1755,-41.4853,-35.9189,-25.7482
13860,-0.0830,-0.2043,1.2400,-49.2343,-49.8438,-24.4289
13870,-0.1126,-0.2007,1.2171,-55.4762,-59.6512,-21.6799
13880,-0.1066,-0.1745,1.1804,-61.0751,-63.6906,-23.3774
13890,-0.1843,-0.1518,1.1739,-65.0294,-72.7047,-19.0228
13900,-0.1893,-0.1767,1.1682,-68.6481,-78.9648,-23.5985
13910,-0.1684,-0.1334,1.1306,-69.9255,-82.7472,-19.9316
13920,-0.2868,-0.1260,1.0496,-73.8962,-86.0589,-16.0630
13930,-0.2726,-0.0740,0.9483,-73.2219,-90.0890,-15.7492
13940,-0.2687,-0.0611,0.9492,-69.4093,-88.5275,-16.2343
13950,-0.3301,0.0026,0.8231,-68.8863,-88.4444,-17.4651
13960,-0.2559,0.0133,0.7918,-68.9428,-83.7556,-15.5357
13970,-0.3616,0.0134,0.7257,-58.7500,-79.8890,-12.7347
13980,-0.2733,0.0542,0.7602,-56.9739,-74.7771,-10.0570
13990,-0.2552,0.0508,0.7407,-42.2702,-70.3504,-9.6266
14000,-0.2466,0.0926,0.7612,-37.9746,-62.8243,-10.6364
14010,-0.2386,0.1189,0.7718,-30.3003,-55.8213,-7.5508
14020,-0.1958,0.1249,0.8009,-26.0071,-41.2295,-3.6118
14030,-0.1832,0.0914,0.8476,-19.4160,-38.7729,-1.5119
14040,-0.0999,0.1325,0.8632,-8.6819,-26.6257,-4.3794
14050,-0.0898,0.1552,0.9773,0.0829,-14.9417,-0.7005
14060,-0.0181,0.1545,1.0375,7.4652,-9.3358,-1.7056
14070,0.0632,0.1718,1.0711,18.0582,2.9430,2.2381
14080,0.0852,0.1193,1.1404,28.9620,16.7414,12.5666
14090,0.1581,0.1482,1.1931,37.7038,27.5702,7.2729
14100,0.2164,0.1150,1.2471,41.9960,37.4043,8.0517
14110,0.2320,0.1180,1.2388,47.2213,49.5998,9.2910
14120,0.3146,0.1078,1.2284,56.9416,61.6133,9.4675
14130,0.3245,0.0963,1.2003,60.5889,68.3160,9.5986
14140,0.3075,0.0498,1.1458,67.0616,74.4139,14.8610
14150,0.3464,0.0457,1.1238,72.0822,79.6456,15.6307
14160,0.3347,-0.0038,1.0848,74.0335,80.7996,20.5130
14170,0.3334,-0.0301,1.0249,72.2816,88.5559,15.2737
14180,0.3374,-0.0157,0.9684,73.7282,90.1185,20.7123
14190,0.3028,-0.0562,0.9124,73.2396,87.7519,23.8153
14200,0.3160,-0.1110,0.8534,67.8319,89.4925,18.0292
14210,0.2573,-0.1207,0.8016,64.6647,86.3842,24.3298
14220,0.2660,-0.1255,0.7753,61.5741,82.3876,20.4779
14230,0.2200,-0.1154,0.7442,54.9665,77.0737,25.5314
14240,0.2125,-0.1449,0.7306,48.5001,72.3425,28.0889
14250,0.1538,-0.1716,0.7469,40.2440,63.8770,25.7037
14260,0.1234,-0.2435,0.7305,32.5166,56.8259,26.8416
14270,0.0852,-0.2246,0.8299,22.6886,46.9865,25.1909
14280,0.0984,-0.2241,0.8257,17.2163,37.4533,27.4253
14290,0.0833,-0.2350,0.9289,5.6184,25.2556,29.2885
14300,0.0877,-0.2401,0.9727,0.2621,14.0883,26.6225
14310,0.0508,-0.2557,1.0609,-9.7910,7.0285,26.6214
14320,0.0107,-0.2151,1.0994,-23.4849,-12.3404,27.5048
14330,-0.0183,-0.2167,1.1320,-27.6966,-17.6285,28.0799
14340,-0.0277,-0.2405,1.2142,-38.8986,-30.6691,22.6193
14350,-0.0568,-0.2486,1.2220,-42.5489,-41.1032,25.5985
14360,-0.0496,-0.1755,1.2326,-50.6733,-51.6641,23.4847
14370,-0.0816,-0.2145,1.2302,-56.8848,-58.8435,25.2968
14380,-0.1427,-0.1627,1.2330,-60.4724,-68.6379,25.6408
14390,-0.1641,-0.1313,1.2029,-66.5842,-75.4100,23.3846
14400,-0.1509,-0.1674,1.1499,-68.1274,-78.8932,24.4419
14410,-0.1980,-0.1219,1.0665,-70.0903,-86.5291,18.8123
14420,-0.2361,-0.1107,1.0303,-72.2791,-85.2200,18.8746
14430,-0.2334,-0.0679,0.9759,-71.2646,-87.0032,16.4442
14440,-0.2840,-0.0496,0.9547,-72.9484,-96.9143,17.4638
14450,-0.2982,0.0064,0.8718,-68.0096,-92.7728,16.2937
14460,-0.3132,0.0022,0.8145,-68.5034,-87.5446,14.4058
14470,-0.3493,0.0159,0.7966,-60.6126,-84.3999,10.7971
14480,-0.2900,0.0647,0.7400,-54.9826,-79.4364,11.4098
14490,-0.3193,0.0595,0.7306,-47.9315,-72.4815,9.0104
14500,-0.2873,0.0767,0.7398,-43.5646,-64.9161,9.5900
14510,-0.2591,0.1480,0.7309,-28.1559,-55.5208,5.9811
14520,-0.1980,0.0999,0.8114,-27.1528,-45.6589,7.4556
14530,-0.1660,0.1202,0.8536,-16.7864,-38.1323,3.6733
14540,-0.1182,0.1397,0.8928,-10.0758,-26.5012,-2.2015
14550,-0.1112,0.1229,0.9231,1.1138,-22.9878,-0.0757
14560,-0.0125,0.1062,1.0260,8.4238,-6.4646,-4.6994
14570,0.0233,0.1694,1.1170,21.1813,4.0788,-1.6922
14580,0.1099,0.1296,1.1249,25.3438,19.5918,-2.2753
14590,0.1648,0.1281,1.1605,35.9769,32.5677,-6.9391
14600,0.2050,0.1224,1.2205,42.1285,39.3084,-7.5754
14610,0.2896,0.0980,1.1968,51.5632,45.6093,-13.0461
14620,0.2917,0.0833,1.1858,54.6735,56.0913,-16.0614
14630,0.3212,0.0920,1.2095,58.6570,64.2970,-14.0271
14640,0.3347,0.1170,1.1763,65.7367,72.2765,-14.9311
14650,0.3414,0.0624,1.1430,66.0318,80.3698,-18.9350
14660,0.3696,0.0378,1.0807,68.9137,85.4629,-17.1181
14670,0.3688,-0.0313,1.0388,73.2459,81.7907,-17.9391
14680,0.3078,-0.0310,0.9536,68.0000,92.2004,-18.6705
14690,0.3388,-0.0778,0.8882,71.6764,88.9474,-17.8555
14700,0.3060,-0.0643,0.8337,66.9334,87.9119,-20.4112
14710,0.2940,-0.1052,0.8146,62.9990,89.9943,-23.6142
14720,0.2600,-0.1214,0.7866,61.2542,83.5595,-23.4242
14730,0.1949,-0.1491,0.7581,56.0838,76.1180,-23.2576
14740,0.1702,-0.1787,0.7453,48.0166,70.6557,-27.2456
14750,0.2014,-0.2178,0.6716,41.5093,65.9844,-22.9854
14760,0.1438,-0.1930,0.7390,35.7362,59.5268,-24.3224
14770,0.0876,-0.2460,0.7849,28.1437,52.3964,-26.9684
14780,0.1004,-0.2541,0.8403,18.2771,39.5189,-28.0736
14790,0.0655,-0.2458,0.8566,8.4155,28.9356,-19.1438
14800,0.0164,-0.2606,0.9757,-0.5807,22.6728,-25.2734
14810,-0.0130,-0.2452,1.0197,-9.4876,6.6699,-25.0261
14820,-0.0192,-0.2307,1.0649,-16.4257,-1.3848,-23.1076
14830,0.0001,-0.2434,1.1326,-24.8403,-14.5534,-24.5321
14840,-0.0246,-0.2392,1.1649,-32.9982,-24.7696,-25.7770
14850,-0.0501,-0.2340,1.1915,-38.8290,-36.5778,-24.2974
14860,-0.0618,-0.2059,1.2365,-49.0338,-45.4868,-27.0498
14870,-0.0818,-0.2445,1.2214,-55.9630,-57.0655,-22.9970
14880,-0.1677,-0.1795,1.1852,-62.3493,-67.5184,-26.6731
14890,-0.1611,-0.1847,1.1679,-62.4490,-74.0010,-21.7147
14900,-0.1998,-0.1693,1.1347,-73.0339,-80.9122,-20.4697
14910,-0.2355,-0.1220,1.0626,-70.5773,-83.5931,-23.7592
14920,-0.2466,-0.1075,1.0538,-71.1549,-87.1817,-15.5789
14930,-0.2609,-0.0652,0.9488,-71.7699,-89.8261,-20.7418
14940,-0.2833,-0.0318,0.9487,-66.4018,-90.4373,-15.0732
14950,-0.3235,-0.0760,0.8755,-66.4512,-89.9718,-16.9980
14960,-0.3151,-0.0070,0.7902,-64.0522,-84.1966,-13.9256
14970,-0.2699,0.0590,0.7700,-62.6405,-84.1940,-14.3658
14980,-0.3284,0.0594,0.7661,-54.8869,-80.8610,-6.4534
14990,-0.3302,0.0921,0.7278,-50.4826,-74.4814,-7.9122
